cluster_no,rep_member,member_ID,n_members,n_SAVs,n_pathogenic,n_benign,pathogenic_percentage,n_pathogenic - n_benign
583,Q9H3D4,"Q9H3D4,P04637",2,1105,1081.0,24.0,0.9782805429864253,1057.0
46,P00451,"P00451,P00450",2,675,665.0,10.0,0.9851851851851852,655.0
1291,P10321,"P10321,P04439,P01889,P13747,Q30201,P30511,Q95460,P25311,P01891,P01892,P05534,P13746,P30443,P03989,P10319,P18464,P18465,P30460,P30464,P30466,P30475,P30479,P30480,P30481,P30484,P30490,P30491,P30685,Q04826,Q31610,P04222,P30504,P30505,Q29963,Q9TNN7,Q6DU44",36,400,7.0,393.0,0.0175,-386.0
306,Q14114,"Q14114,P01130",2,370,361.0,9.0,0.9756756756756757,352.0
990,P08709,"P08709,P00740,P04070,P22891,Q9Y337",5,288,274.0,14.0,0.9513888888888888,260.0
843,P07101,"P07101,Q8IWU9,P00439",3,254,249.0,5.0,0.9803149606299213,244.0
1094,P06280,"P06280,P17050",2,247,244.0,3.0,0.9878542510121457,241.0
125,P13569,P13569,1,241,226.0,15.0,0.9377593360995851,211.0
735,P08842,"P08842,P34059,P15289",3,229,207.0,22.0,0.9039301310043668,185.0
1548,P13765,"P13765,P01911,P79483,Q30154,P01920,P04440,P01912,P04229,P13760,P20039",10,224,0.0,224.0,0.0,-224.0
29,O43451,"O43451,P14410,P10253",3,178,160.0,18.0,0.898876404494382,142.0
155,Q9UHC9,"Q9UHC9,O15118",2,172,156.0,16.0,0.9069767441860465,140.0
71,P12883,P12883,1,166,163.0,3.0,0.9819277108433735,160.0
616,Q06187,"Q06187,P42680,Q08881,P07948",4,165,160.0,5.0,0.9696969696969697,155.0
52,P27708,"P27708,P31327",2,150,141.0,9.0,0.94,132.0
437,P00747,"P00747,P14210,P26927,P35030,P08246,P24158,P08311",7,133,106.0,27.0,0.7969924812030075,79.0
335,P52790,"P52790,P52789,P19367,P35557",4,128,111.0,17.0,0.8671875,94.0
805,P22304,P22304,1,127,127.0,0.0,1.0,127.0
686,O00255,O00255,1,126,125.0,1.0,0.9920634920634921,124.0
811,Q16678,"Q16678,P05177,P04798,P10635",4,125,31.0,94.0,0.248,-63.0
827,P04062,P04062,1,125,120.0,5.0,0.96,115.0
499,P22033,P22033,1,125,122.0,3.0,0.976,119.0
647,P03952,"P03952,P03951,P20231,Q15661,Q99895",5,122,71.0,51.0,0.5819672131147541,20.0
756,P30613,"P30613,P14618",2,118,116.0,2.0,0.9830508474576272,114.0
430,P20807,"P20807,P07384,P17655,O14815,P04632",5,114,92.0,22.0,0.8070175438596491,70.0
878,Q04771,"Q04771,P37023,P36897,O00238",4,114,107.0,7.0,0.9385964912280702,100.0
497,P40692,P40692,1,112,87.0,25.0,0.7767857142857143,62.0
107,Q09428,"Q09428,P33527",2,109,99.0,10.0,0.908256880733945,89.0
428,P11362,"P11362,P21802,P22607,P22455",4,105,91.0,14.0,0.8666666666666667,77.0
801,P35520,P35520,1,105,103.0,2.0,0.9809523809523809,101.0
21,Q13315,Q13315,1,104,54.0,50.0,0.5192307692307693,4.0
996,P01008,"P01008,P01011,P05120,Q99574,P29508,P30740",6,98,82.0,16.0,0.8367346938775511,66.0
586,P16278,P16278,1,98,95.0,3.0,0.9693877551020408,92.0
907,P05155,P05155,1,94,91.0,3.0,0.9680851063829787,88.0
988,P49768,P49768,1,90,88.0,2.0,0.9777777777777777,86.0
918,P11509,"P11509,Q16696,P05181,P20813,P11712,P10632,P33261",7,89,0.0,89.0,0.0,-89.0
1768,P42773,"P42773,P42771",2,88,68.0,20.0,0.7727272727272727,48.0
249,P41180,P41180,1,88,87.0,1.0,0.9886363636363636,86.0
683,Q9UBP0,Q9UBP0,1,88,87.0,1.0,0.9886363636363636,86.0
217,Q12809,Q12809,1,87,77.0,10.0,0.8850574712643678,67.0
1069,Q92947,Q92947,1,85,81.0,4.0,0.9529411764705882,77.0
1146,P00966,P00966,1,85,83.0,2.0,0.9764705882352941,81.0
1545,O14618,"O14618,P00441",2,84,83.0,1.0,0.9880952380952381,82.0
1614,P25189,P25189,1,81,81.0,0.0,1.0,81.0
1674,P00492,P00492,1,77,77.0,0.0,1.0,77.0
189,P54098,P54098,1,76,68.0,8.0,0.8947368421052632,60.0
656,P20823,"P20823,P35680",2,76,75.0,1.0,0.9868421052631579,74.0
917,P08686,P08686,1,75,66.0,9.0,0.88,57.0
865,P11413,P11413,1,75,71.0,4.0,0.9466666666666667,67.0
1307,P08397,P08397,1,75,75.0,0.0,1.0,75.0
1583,P20036,"P20036,P01909,P06340",3,74,0.0,74.0,0.0,-74.0
192,P08603,P08603,1,73,59.0,14.0,0.8082191780821918,45.0
1052,Q93099,Q93099,1,72,70.0,2.0,0.9722222222222222,68.0
495,P49747,P49747,1,72,69.0,3.0,0.9583333333333334,66.0
233,P07949,P07949,1,71,67.0,4.0,0.9436619718309859,63.0
1254,P07902,P07902,1,71,71.0,0.0,1.0,71.0
1298,P04001,"P04001,P04000,P08100",3,71,60.0,11.0,0.8450704225352113,49.0
322,P43246,P43246,1,70,44.0,26.0,0.6285714285714286,18.0
27,P04275,P04275,1,69,66.0,3.0,0.9565217391304348,63.0
834,P15848,P15848,1,69,66.0,3.0,0.9565217391304348,63.0
293,P35523,P35523,1,68,61.0,7.0,0.8970588235294118,54.0
150,P06213,"P06213,P08069",2,68,49.0,19.0,0.7205882352941176,30.0
64,Q14524,"Q14524,P35499",2,68,59.0,9.0,0.8676470588235294,50.0
1619,O15305,O15305,1,67,64.0,3.0,0.9552238805970149,61.0
995,P04424,P04424,1,67,67.0,0.0,1.0,67.0
874,P04745,"P04745,Q16874",2,67,65.0,2.0,0.9701492537313433,63.0
511,P54802,P54802,1,66,64.0,2.0,0.9696969696969697,62.0
1652,P29033,P29033,1,66,53.0,13.0,0.803030303030303,40.0
898,P51688,P51688,1,66,59.0,7.0,0.8939393939393939,52.0
624,P35475,P35475,1,64,53.0,11.0,0.828125,42.0
859,P05108,"P05108,P15538,P19099",3,64,42.0,22.0,0.65625,20.0
969,P06858,P06858,1,62,58.0,4.0,0.9354838709677419,54.0
892,Q99972,Q99972,1,60,50.0,10.0,0.8333333333333334,40.0
1170,P60484,P60484,1,59,56.0,3.0,0.9491525423728814,53.0
1087,P45954,"P45954,P26440,P11310,Q9UKU7,P16219",5,57,51.0,6.0,0.8947368421052632,45.0
405,P06737,"P06737,P11216,P11217",3,56,43.0,13.0,0.7678571428571429,30.0
120,Q04656,"Q04656,P35670",2,55,52.0,3.0,0.9454545454545454,49.0
790,P07686,"P07686,P06865",2,55,50.0,5.0,0.9090909090909091,45.0
1607,P30793,P30793,1,54,53.0,1.0,0.9814814814814815,52.0
715,Q06124,Q06124,1,53,53.0,0.0,1.0,53.0
928,P10827,"P10827,P10828",2,53,51.0,2.0,0.9622641509433962,49.0
959,P50336,P50336,1,53,51.0,2.0,0.9622641509433962,49.0
24,P35555,P35555,1,52,51.0,1.0,0.9807692307692307,50.0
241,Q2Y0W8,"Q2Y0W8,Q9Y6R1,P02730",3,51,30.0,21.0,0.5882352941176471,9.0
1222,Q14654,Q14654,1,50,46.0,4.0,0.92,42.0
234,P09619,"P09619,P16234,P10721,P07333",4,49,34.0,15.0,0.6938775510204082,19.0
418,Q8NFZ4,"Q8NFZ4,Q8N0W4,P22303,P06276,P23141",5,48,35.0,13.0,0.7291666666666666,22.0
621,P49748,P49748,1,48,46.0,2.0,0.9583333333333334,44.0
1671,Q92963,"Q92963,P62070,P01116,P01112,P01111,Q15382",6,48,47.0,1.0,0.9791666666666666,46.0
617,P17813,P17813,1,47,43.0,4.0,0.9148936170212766,39.0
1398,P32245,P32245,1,47,44.0,3.0,0.9361702127659575,41.0
264,P06756,"P06756,P08514",2,46,37.0,9.0,0.8043478260869565,28.0
197,P78504,"P78504,Q9NR61",2,46,45.0,1.0,0.9782608695652174,44.0
1448,P45381,P45381,1,46,44.0,2.0,0.9565217391304348,42.0
51,O95477,O95477,1,45,20.0,25.0,0.4444444444444444,-5.0
872,Q6PXP3,"Q6PXP3,P11169,P11166",3,45,40.0,5.0,0.8888888888888888,35.0
154,P52701,P52701,1,44,9.0,35.0,0.20454545454545456,-26.0
78,P16144,"P16144,P18564,P05106",3,44,37.0,7.0,0.8409090909090909,30.0
993,O60260,O60260,1,42,33.0,9.0,0.7857142857142857,24.0
411,Q16288,"Q16288,Q16620,P04629",3,42,29.0,13.0,0.6904761904761905,16.0
1085,Q15831,Q15831,1,41,41.0,0.0,1.0,41.0
163,Q07889,Q07889,1,41,36.0,5.0,0.8780487804878049,31.0
1290,P06132,P06132,1,41,36.0,5.0,0.8780487804878049,31.0
760,Q9BZ23,Q9BZ23,1,41,41.0,0.0,1.0,41.0
971,P55084,"P55084,P24752,P09110,P42765,Q9BWD1",5,41,34.0,7.0,0.8292682926829268,27.0
1221,P08559,P08559,1,40,39.0,1.0,0.975,38.0
147,Q04912,"Q04912,P08581",2,40,19.0,21.0,0.475,-2.0
538,Q9Y223,Q9Y223,1,40,40.0,0.0,1.0,40.0
527,P00488,"P00488,Q08188,P21980",3,40,20.0,20.0,0.5,0.0
875,P07954,P07954,1,40,40.0,0.0,1.0,40.0
1239,Q29980,"Q29980,Q29983",2,40,0.0,40.0,0.0,-40.0
75,P38398,P38398,1,39,29.0,10.0,0.7435897435897436,19.0
1284,P31785,P31785,1,39,38.0,1.0,0.9743589743589743,37.0
540,Q13144,Q13144,1,38,35.0,3.0,0.9210526315789473,32.0
53,P12259,P12259,1,38,29.0,9.0,0.7631578947368421,20.0
328,P06400,P06400,1,38,28.0,10.0,0.7368421052631579,18.0
674,P00734,"P00734,P00742",2,38,32.0,6.0,0.8421052631578947,26.0
257,P29323,"P29323,P54756,P29322,Q15375,P54760,P54764,P54762,P29320,P29317",9,38,16.0,22.0,0.42105263157894735,-6.0
360,O75891,"O75891,P51649,O94788,P05091,P47895,P00352",6,38,21.0,17.0,0.5526315789473685,4.0
1251,P00156,P00156,1,37,6.0,31.0,0.16216216216216217,-25.0
482,P15056,"P15056,P04049",2,37,37.0,0.0,1.0,37.0
1038,P02679,P02679,1,37,34.0,3.0,0.918918918918919,31.0
1657,O15537,O15537,1,36,36.0,0.0,1.0,36.0
619,P42898,P42898,1,35,28.0,7.0,0.8,21.0
277,Q9UIQ6,"Q9UIQ6,P15144,Q6P179,Q07075,Q9NZ08",5,35,0.0,35.0,0.0,-35.0
775,O14773,O14773,1,34,30.0,4.0,0.8823529411764706,26.0
444,O75582,"O75582,P51812,Q15418,P23443",4,34,25.0,9.0,0.7352941176470589,16.0
12,P78527,P78527,1,33,2.0,31.0,0.06060606060606061,-29.0
808,Q9UIF7,Q9UIF7,1,33,25.0,8.0,0.7575757575757576,17.0
252,P42336,"P42336,O00329",2,33,29.0,4.0,0.8787878787878788,25.0
292,P38935,P38935,1,32,27.0,5.0,0.84375,22.0
1636,Q14353,Q14353,1,32,15.0,17.0,0.46875,-2.0
1057,P43629,"P43629,Q99706,P43626,P43627,P43628,P43631,P43632",7,32,0.0,32.0,0.0,-32.0
1065,P04180,P04180,1,32,29.0,3.0,0.90625,26.0
1202,P63092,"P63092,P08754,P09471",3,31,29.0,2.0,0.9354838709677419,27.0
556,P00736,"P00736,P48740,P09871,O00187",4,31,9.0,22.0,0.2903225806451613,-13.0
522,P51659,P51659,1,30,22.0,8.0,0.7333333333333333,14.0
1329,P00480,P00480,1,30,27.0,3.0,0.9,24.0
940,P30566,P30566,1,30,27.0,3.0,0.9,24.0
626,P08236,P08236,1,29,27.0,2.0,0.9310344827586207,25.0
584,P38646,"P38646,P11021,P11142,P17066,P34931,P54652",6,29,0.0,29.0,0.0,-29.0
1413,P51857,"P51857,P14550,P17516,Q04828,P52895,P42330,P15121,O60218",8,29,3.0,26.0,0.10344827586206896,-23.0
896,P08684,"P08684,P20815",2,29,0.0,29.0,0.0,-29.0
1004,Q15465,Q15465,1,29,29.0,0.0,1.0,29.0
124,Q13224,"Q13224,Q12879",2,29,24.0,5.0,0.8275862068965517,19.0
17,Q9H251,Q9H251,1,28,12.0,16.0,0.42857142857142855,-4.0
1238,Q9HC16,"Q9HC16,Q9UH17,Q8IUX4,Q6NTF7,P31941,Q9GZX7",6,28,16.0,12.0,0.5714285714285714,4.0
573,Q8NBP7,Q8NBP7,1,28,10.0,18.0,0.35714285714285715,-8.0
785,Q8WXF7,"Q8WXF7,Q6DD88",2,27,26.0,1.0,0.9629629629629629,25.0
1001,P53634,P53634,1,27,25.0,2.0,0.9259259259259259,23.0
769,P37173,"P37173,P27037,Q13705",3,27,21.0,6.0,0.7777777777777778,15.0
938,P51648,"P51648,P30838",2,27,24.0,3.0,0.8888888888888888,21.0
116,Q14004,"Q14004,P50613,Q00534,Q00526,P11802,P24941,Q00535",7,27,11.0,16.0,0.4074074074074074,-5.0
1268,P41597,"P41597,P51681",2,27,18.0,9.0,0.6666666666666666,9.0
1264,P63261,"P63261,P60709",2,27,9.0,18.0,0.3333333333333333,-9.0
415,Q15063,"Q15063,Q15582",2,26,21.0,5.0,0.8076923076923077,16.0
1297,P04075,"P04075,P05062,P09972",3,26,20.0,6.0,0.7692307692307693,14.0
1501,P18440,"P18440,P11245",2,26,0.0,26.0,0.0,-26.0
361,Q01968,Q01968,1,26,26.0,0.0,1.0,26.0
1044,P23258,"P23258,Q71U36,Q13509,Q9BVA1,P07437",5,26,23.0,3.0,0.8846153846153846,20.0
575,P25098,"P25098,P34947,P32298,P43250",4,26,1.0,25.0,0.038461538461538464,-24.0
493,P18074,P18074,1,26,21.0,5.0,0.8076923076923077,16.0
137,Q13635,Q13635,1,25,25.0,0.0,1.0,25.0
119,O94759,"O94759,Q8TD43",2,25,7.0,18.0,0.28,-11.0
1055,P12694,P12694,1,25,23.0,2.0,0.92,21.0
1300,P00813,P00813,1,25,24.0,1.0,0.96,23.0
10,Q8NCM8,Q8NCM8,1,25,22.0,3.0,0.88,19.0
338,P10275,P10275,1,25,25.0,0.0,1.0,25.0
885,P05093,P05093,1,25,25.0,0.0,1.0,25.0
1212,P21549,P21549,1,25,19.0,6.0,0.76,13.0
1521,Q13520,"Q13520,P41181,P29972",3,24,18.0,6.0,0.75,12.0
1033,P36551,P36551,1,24,21.0,3.0,0.875,18.0
35,P42345,P42345,1,24,20.0,4.0,0.8333333333333334,16.0
1209,P21953,"P21953,P11177",2,24,23.0,1.0,0.9583333333333334,22.0
118,O95255,O95255,1,24,19.0,5.0,0.7916666666666666,14.0
736,P50281,"P50281,O60882,P08254,P09238,P45452,P39900,P03956,P22894,P09237",9,24,1.0,23.0,0.041666666666666664,-22.0
1296,O00204,"O00204,Q6IMI6,O75897,O00338,P50225,P50226,P49888,Q06520",8,24,0.0,24.0,0.0,-24.0
1123,O14733,"O14733,P36507,P45985,Q02750",4,24,19.0,5.0,0.7916666666666666,14.0
697,P03915,P03915,1,24,11.0,13.0,0.4583333333333333,-2.0
66,Q6N021,Q6N021,1,23,20.0,3.0,0.8695652173913043,17.0
170,P12821,"P12821,Q9BYF1",2,23,1.0,22.0,0.043478260869565216,-21.0
6,Q14204,Q14204,1,23,8.0,15.0,0.34782608695652173,-7.0
31,Q96L73,Q96L73,1,23,23.0,0.0,1.0,23.0
1538,O43240,"O43240,P06870,P07288,P20151,O60259,Q9Y5K2,P23946,P07477,Q92876",9,23,6.0,17.0,0.2608695652173913,-11.0
724,P22557,P22557,1,23,23.0,0.0,1.0,23.0
161,Q06278,"Q06278,P47989",2,23,0.0,23.0,0.0,-23.0
1108,P22830,P22830,1,23,22.0,1.0,0.9565217391304348,21.0
11,P98161,P98161,1,23,16.0,7.0,0.6956521739130435,9.0
1530,Q9HAN9,"Q9HAN9,Q96T66",2,22,21.0,1.0,0.9545454545454546,20.0
26,P21359,P21359,1,22,21.0,1.0,0.9545454545454546,20.0
224,P00519,"P00519,P06241,P12931,P08631,P06239,Q13882,P41240",7,22,5.0,17.0,0.22727272727272727,-12.0
894,P78324,"P78324,Q9P1W8",2,22,0.0,22.0,0.0,-22.0
1352,P46597,P46597,1,22,0.0,22.0,0.0,-22.0
1331,P16442,P16442,1,22,0.0,22.0,0.0,-22.0
1162,Q9BY76,"Q9BY76,O75636",2,22,0.0,22.0,0.0,-22.0
1347,P03891,P03891,1,21,3.0,18.0,0.14285714285714285,-15.0
491,Q16853,"Q16853,P19801",2,21,0.0,21.0,0.0,-21.0
710,P35240,"P35240,P15311,P26038",3,21,18.0,3.0,0.8571428571428571,15.0
589,O15296,"O15296,P09917,P18054,P16050",4,21,0.0,21.0,0.0,-21.0
622,Q04756,"Q04756,P00748,P00749,P49863,P10144",5,21,8.0,13.0,0.38095238095238093,-5.0
813,O96017,O96017,1,20,10.0,10.0,0.5,0.0
280,Q92834,Q92834,1,20,15.0,5.0,0.75,10.0
503,Q03518,"Q03518,Q03519",2,20,1.0,19.0,0.05,-18.0
176,P08183,P08183,1,20,0.0,20.0,0.0,-20.0
481,P05107,P05107,1,20,19.0,1.0,0.95,18.0
84,P0C0L5,"P0C0L5,P0C0L4",2,20,0.0,20.0,0.0,-20.0
1400,O95278,O95278,1,20,18.0,2.0,0.9,16.0
95,P01024,P01024,1,20,9.0,11.0,0.45,-2.0
734,P05156,P05156,1,20,19.0,1.0,0.95,18.0
272,Q13873,Q13873,1,20,18.0,2.0,0.9,16.0
88,Q12756,Q12756,1,19,11.0,8.0,0.5789473684210527,3.0
30,Q14315,"Q14315,P21333,O75369",3,19,17.0,2.0,0.8947368421052632,15.0
1606,Q9Y3A5,Q9Y3A5,1,19,19.0,0.0,1.0,19.0
159,P21860,"P21860,Q15303,P04626,P00533",4,19,7.0,12.0,0.3684210526315789,-5.0
1127,P01009,"P01009,Q8IW75,P05154,P08185",4,19,8.0,11.0,0.42105263157894735,-3.0
1556,P02647,P02647,1,19,11.0,8.0,0.5789473684210527,3.0
207,P29597,"P29597,P23458,O60674,P52333",4,19,4.0,15.0,0.21052631578947367,-11.0
1061,P24530,P24530,1,19,17.0,2.0,0.8947368421052632,15.0
1414,P35914,P35914,1,19,19.0,0.0,1.0,19.0
548,P02788,"P02788,P02787",2,19,2.0,17.0,0.10526315789473684,-15.0
945,P19971,P19971,1,19,18.0,1.0,0.9473684210526315,17.0
974,P41235,"P41235,Q14541",2,19,17.0,2.0,0.8947368421052632,15.0
1022,Q01415,"Q01415,P51570",2,19,12.0,7.0,0.631578947368421,5.0
1435,P12318,"P12318,P31994,P08637,O75015",4,18,2.0,16.0,0.1111111111111111,-14.0
1597,P53674,"P53674,P26998,P43320,P53673,P07316,P07320,P07315",7,18,7.0,11.0,0.3888888888888889,-4.0
1101,P45983,"P45983,P45984,P27361,P53778,O15264,Q15759,Q16539",7,18,5.0,13.0,0.2777777777777778,-8.0
786,P06744,P06744,1,18,16.0,2.0,0.8888888888888888,14.0
486,P16473,"P16473,P22888,P23945",3,17,14.0,3.0,0.8235294117647058,11.0
296,P08235,"P08235,P04150",2,17,15.0,2.0,0.8823529411764706,13.0
593,Q9H221,Q9H221,1,17,8.0,9.0,0.47058823529411764,-1.0
582,P23352,P23352,1,17,15.0,2.0,0.8823529411764706,13.0
467,P06396,"P06396,Q9Y6U3,P40121",3,17,4.0,13.0,0.23529411764705882,-9.0
0,Q8WZ42,Q8WZ42,1,17,1.0,16.0,0.058823529411764705,-15.0
201,O94761,O94761,1,17,1.0,16.0,0.058823529411764705,-15.0
964,Q9BZP6,"Q9BZP6,Q13231,Q15782,P36222",4,17,0.0,17.0,0.0,-17.0
1194,Q03426,Q03426,1,17,14.0,3.0,0.8235294117647058,11.0
926,P02675,P02675,1,17,14.0,3.0,0.8235294117647058,11.0
92,P01031,P01031,1,17,1.0,16.0,0.058823529411764705,-15.0
144,P54132,P54132,1,17,11.0,6.0,0.6470588235294118,5.0
1006,P19793,"P19793,P24468,Q9Y5X4",3,17,11.0,6.0,0.6470588235294118,5.0
939,Q9UBX1,"Q9UBX1,P09668,P07711,P25774,P43235",5,17,11.0,6.0,0.6470588235294118,5.0
204,Q13255,"Q13255,Q14831,O00222,Q14832",4,17,2.0,15.0,0.11764705882352941,-13.0
580,P24723,"P24723,P17252,P05771,P31751,P31749,O00141,P17612",7,16,2.0,14.0,0.125,-12.0
412,O00206,O00206,1,16,0.0,16.0,0.0,-16.0
470,O15553,O15553,1,16,14.0,2.0,0.875,12.0
1128,Q8IVH4,Q8IVH4,1,16,15.0,1.0,0.9375,14.0
669,Q14145,"Q14145,Q9UH77",2,16,13.0,3.0,0.8125,10.0
227,Q02763,Q02763,1,16,7.0,9.0,0.4375,-2.0
1522,Q9Y4U1,Q9Y4U1,1,16,16.0,0.0,1.0,16.0
629,Q8NHL6,"Q8NHL6,Q8N423,Q8NHJ6,Q9HCN6",4,16,1.0,15.0,0.0625,-14.0
32,Q13535,Q13535,1,16,4.0,12.0,0.25,-8.0
607,O00571,O00571,1,16,16.0,0.0,1.0,16.0
1587,Q7L0Q8,"Q7L0Q8,P08134,P15153,P63000,P60953",5,16,2.0,14.0,0.125,-12.0
649,P10912,P10912,1,16,13.0,3.0,0.8125,10.0
305,Q13563,"Q13563,Q9P0L9",2,16,10.0,6.0,0.625,4.0
308,O76039,"O76039,Q92772,Q00532",3,16,12.0,4.0,0.75,8.0
948,P10619,P10619,1,16,15.0,1.0,0.9375,14.0
1339,O75695,O75695,1,15,12.0,3.0,0.8,9.0
1653,P21266,"P21266,P28161,P09488,Q03013,P09211",5,15,0.0,15.0,0.0,-15.0
529,Q9UHD2,Q9UHD2,1,15,9.0,6.0,0.6,3.0
973,P48637,P48637,1,15,13.0,2.0,0.8666666666666667,11.0
1562,P10746,P10746,1,15,13.0,2.0,0.8666666666666667,11.0
267,Q86Z14,"Q86Z14,Q9UEF7,Q9H227",3,15,1.0,14.0,0.06666666666666667,-13.0
623,Q9UNQ0,Q9UNQ0,1,15,0.0,15.0,0.0,-15.0
1082,O75469,"O75469,P11473,Q14994",3,14,7.0,7.0,0.5,0.0
1663,O15217,"O15217,Q16772,P09210,P08263",4,14,0.0,14.0,0.0,-14.0
1110,Q96IY4,"Q96IY4,Q9UI42,P48052,P15085,Q8IVL8",5,14,0.0,14.0,0.0,-14.0
1109,P50440,P50440,1,14,10.0,4.0,0.7142857142857143,6.0
323,P13671,"P13671,P10643",2,14,4.0,10.0,0.2857142857142857,-6.0
1345,Q14376,Q14376,1,14,13.0,1.0,0.9285714285714286,12.0
1452,Q5TBB1,Q5TBB1,1,14,13.0,1.0,0.9285714285714286,12.0
779,P36871,P36871,1,14,8.0,6.0,0.5714285714285714,2.0
1016,Q16790,"Q16790,P23280,Q8N1Q1,P00915,P00918",5,14,4.0,10.0,0.2857142857142857,-6.0
1678,P01241,P01241,1,14,11.0,3.0,0.7857142857142857,8.0
391,P02671,"P02671,O00602,Q15485",3,14,8.0,6.0,0.5714285714285714,2.0
213,P20701,"P20701,P20702,P11215",3,14,0.0,14.0,0.0,-14.0
54,Q13402,"Q13402,Q6PIF6",2,14,8.0,6.0,0.5714285714285714,2.0
1286,P51686,"P51686,P30556,P25024",3,14,1.0,13.0,0.07142857142857142,-12.0
613,Q8WZA1,Q8WZA1,1,13,10.0,3.0,0.7692307692307693,7.0
442,P55072,P55072,1,13,13.0,0.0,1.0,13.0
687,P02768,"P02768,P43652",2,13,1.0,12.0,0.07692307692307693,-11.0
609,P19113,"P19113,P20711",2,13,6.0,7.0,0.46153846153846156,-1.0
605,Q9UM07,"Q9UM07,Q9ULC6",2,13,0.0,13.0,0.0,-13.0
1621,P09417,P09417,1,13,12.0,1.0,0.9230769230769231,11.0
1519,P11086,"P11086,O95050",2,13,0.0,13.0,0.0,-13.0
554,P14780,"P14780,P08253",2,13,3.0,10.0,0.23076923076923078,-7.0
208,Q86YC2,Q86YC2,1,13,0.0,13.0,0.0,-13.0
1763,P03923,P03923,1,13,9.0,4.0,0.6923076923076923,5.0
787,P00367,P00367,1,13,13.0,0.0,1.0,13.0
1434,P02649,P02649,1,13,12.0,1.0,0.9230769230769231,11.0
153,P35916,"P35916,P35968,P17948",3,13,2.0,11.0,0.15384615384615385,-9.0
63,P17927,"P17927,P20023",2,12,0.0,12.0,0.0,-12.0
544,Q9Y253,Q9Y253,1,12,9.0,3.0,0.75,6.0
1431,P03886,P03886,1,12,5.0,7.0,0.4166666666666667,-2.0
1378,O14832,O14832,1,12,10.0,2.0,0.8333333333333334,8.0
1393,P07195,"P07195,P00338",2,12,7.0,5.0,0.5833333333333334,2.0
347,O43707,"O43707,P35609,P12814",3,12,8.0,4.0,0.6666666666666666,4.0
516,P41250,P41250,1,12,10.0,2.0,0.8333333333333334,8.0
325,Q9Y210,"Q9Y210,Q13507",2,12,10.0,2.0,0.8333333333333334,8.0
507,Q15910,Q15910,1,12,10.0,2.0,0.8333333333333334,8.0
487,P00751,"P00751,P06681",2,12,7.0,5.0,0.5833333333333334,2.0
1323,Q7Z2E3,Q7Z2E3,1,12,12.0,0.0,1.0,12.0
1534,Q16854,"Q16854,P27707",2,12,11.0,1.0,0.9166666666666666,10.0
1369,P62873,P62873,1,12,11.0,1.0,0.9166666666666666,10.0
650,P43405,"P43405,P43403",2,12,7.0,5.0,0.5833333333333334,2.0
1754,P07741,P07741,1,12,11.0,1.0,0.9166666666666666,10.0
130,P02452,P02452,1,12,5.0,7.0,0.4166666666666667,-2.0
712,Q99259,"Q99259,Q05329",2,12,0.0,12.0,0.0,-12.0
274,Q5JRX3,Q5JRX3,1,12,0.0,12.0,0.0,-12.0
968,P18507,"P18507,P28472,P14867",3,12,10.0,2.0,0.8333333333333334,8.0
797,Q13485,"Q13485,Q15796,P84022",3,12,12.0,0.0,1.0,12.0
1113,Q9HCP0,"Q9HCP0,P78368",2,12,1.0,11.0,0.08333333333333333,-10.0
1228,P40394,"P40394,P08319,P00326,P00325,P11766",5,12,0.0,12.0,0.0,-12.0
655,P17405,P17405,1,12,12.0,0.0,1.0,12.0
1234,Q9NZN9,"Q9NZN9,O00170",2,12,7.0,5.0,0.5833333333333334,2.0
761,P04839,P04839,1,11,9.0,2.0,0.8181818181818182,7.0
1473,P00387,P00387,1,11,8.0,3.0,0.7272727272727273,5.0
587,P16435,P16435,1,11,7.0,4.0,0.6363636363636364,3.0
639,Q9NRR6,Q9NRR6,1,11,11.0,0.0,1.0,11.0
1513,P49675,P49675,1,11,9.0,2.0,0.8181818181818182,7.0
577,Q9NYY3,"Q9NYY3,Q9H4B4,P53350",3,11,1.0,10.0,0.09090909090909091,-9.0
966,P01019,P01019,1,11,0.0,11.0,0.0,-11.0
399,O60602,O60602,1,11,0.0,11.0,0.0,-11.0
230,Q14126,Q14126,1,11,7.0,4.0,0.6363636363636364,3.0
1504,P00491,P00491,1,11,10.0,1.0,0.9090909090909091,9.0
934,P17213,P17213,1,11,0.0,11.0,0.0,-11.0
862,Q99593,Q99593,1,11,11.0,0.0,1.0,11.0
929,P15260,P15260,1,11,7.0,4.0,0.6363636363636364,3.0
873,Q9NZK5,Q9NZK5,1,11,10.0,1.0,0.9090909090909091,9.0
1210,P15529,P15529,1,11,9.0,2.0,0.8181818181818182,7.0
362,Q02487,"Q02487,Q08554",2,11,6.0,5.0,0.5454545454545454,1.0
837,Q02318,Q02318,1,10,7.0,3.0,0.7,4.0
179,Q99707,Q99707,1,10,2.0,8.0,0.2,-6.0
348,P49917,P49917,1,10,3.0,7.0,0.3,-4.0
500,P42224,P42224,1,10,8.0,2.0,0.8,6.0
866,P20839,"P20839,P12268",2,10,8.0,2.0,0.8,6.0
523,O00522,O00522,1,10,8.0,2.0,0.8,6.0
498,Q04609,"Q04609,Q9UQQ1,Q9Y3Q0",3,10,0.0,10.0,0.0,-10.0
1573,Q99714,Q99714,1,10,10.0,0.0,1.0,10.0
921,P11597,P11597,1,10,3.0,7.0,0.3,-4.0
23,P15924,P15924,1,10,6.0,4.0,0.6,2.0
461,Q15399,Q15399,1,10,0.0,10.0,0.0,-10.0
1502,P30084,P30084,1,10,10.0,0.0,1.0,10.0
1050,P21728,"P21728,P28222",2,10,0.0,10.0,0.0,-10.0
15,P11532,"P11532,P46939",2,10,8.0,2.0,0.8,6.0
1335,Q8N335,"Q8N335,P21695",2,10,4.0,6.0,0.4,-2.0
681,P09172,P09172,1,10,2.0,8.0,0.2,-6.0
13,Q01484,"Q01484,P16157",2,10,3.0,7.0,0.3,-4.0
1183,O14958,"O14958,P31415",2,10,5.0,5.0,0.5,0.0
699,Q92630,"Q92630,O43781",2,10,1.0,9.0,0.1,-8.0
705,Q9H2C0,Q9H2C0,1,10,10.0,0.0,1.0,10.0
464,Q01813,"Q01813,P08237",2,10,9.0,1.0,0.9,8.0
284,P09874,"P09874,Q9UGN5,Q9Y6F1",3,10,0.0,10.0,0.0,-10.0
18,P42858,P42858,1,10,2.0,8.0,0.2,-6.0
1160,Q9UDX3,"Q9UDX3,O76054,Q9UDX4",3,10,0.0,10.0,0.0,-10.0
1689,Q16667,Q16667,1,10,9.0,1.0,0.9,8.0
276,Q12840,Q12840,1,10,10.0,0.0,1.0,10.0
76,Q9Y4I1,"Q9Y4I1,Q9ULV0,Q9NQX4",3,10,1.0,9.0,0.1,-8.0
1097,P20062,P20062,1,10,0.0,10.0,0.0,-10.0
759,Q16555,"Q16555,Q14194,Q14195,Q9BPU6,Q14117",5,10,5.0,5.0,0.5,0.0
1702,P16455,P16455,1,10,0.0,10.0,0.0,-10.0
562,Q04446,Q04446,1,10,8.0,2.0,0.8,6.0
1461,P50897,P50897,1,10,9.0,1.0,0.9,8.0
1695,Q16595,Q16595,1,9,6.0,3.0,0.6666666666666666,3.0
490,P40939,P40939,1,9,8.0,1.0,0.8888888888888888,7.0
1330,P78540,"P78540,P05089",2,9,7.0,2.0,0.7777777777777778,5.0
1595,O95571,O95571,1,9,9.0,0.0,1.0,9.0
1193,P06727,P06727,1,9,3.0,6.0,0.3333333333333333,-3.0
821,P49419,P49419,1,9,7.0,2.0,0.7777777777777778,5.0
978,Q9BZR6,Q9BZR6,1,9,3.0,6.0,0.3333333333333333,-3.0
1005,P68104,P68104,1,9,0.0,9.0,0.0,-9.0
1031,O43293,"O43293,Q86YV6,Q9UIK4",3,9,4.0,5.0,0.4444444444444444,-1.0
1056,Q9UK55,Q9UK55,1,9,0.0,9.0,0.0,-9.0
727,Q8IXL6,"Q8IXL6,Q96MK3",2,9,8.0,1.0,0.8888888888888888,7.0
719,P07358,"P07358,P07357",2,9,0.0,9.0,0.0,-9.0
1174,P48728,P48728,1,9,9.0,0.0,1.0,9.0
1197,Q00266,Q00266,1,9,8.0,1.0,0.8888888888888888,7.0
502,P28329,P28329,1,9,4.0,5.0,0.4444444444444444,-1.0
1223,P15812,"P15812,P15813,P29016,P29017",4,9,0.0,9.0,0.0,-9.0
1270,Q8NBK3,Q8NBK3,1,9,9.0,0.0,1.0,9.0
594,P08133,"P08133,P04083,P07355,P12429,P09525",5,9,0.0,9.0,0.0,-9.0
1384,P38484,P38484,1,9,4.0,5.0,0.4444444444444444,-1.0
1395,P13804,P13804,1,9,8.0,1.0,0.8888888888888888,7.0
1417,P13686,P13686,1,9,6.0,3.0,0.6666666666666666,3.0
1525,P24855,P24855,1,9,0.0,9.0,0.0,-9.0
509,P05164,P05164,1,9,6.0,3.0,0.6666666666666666,3.0
394,P54278,P54278,1,9,6.0,3.0,0.6666666666666666,3.0
889,P37231,"P37231,Q07869",2,9,3.0,6.0,0.3333333333333333,-3.0
25,P25054,P25054,1,9,6.0,3.0,0.6666666666666666,3.0
47,P08922,P08922,1,9,2.0,7.0,0.2222222222222222,-5.0
345,Q08345,"Q08345,Q16832",2,9,1.0,8.0,0.1111111111111111,-7.0
99,Q9UM73,Q9UM73,1,9,5.0,4.0,0.5555555555555556,1.0
316,Q01974,Q01974,1,9,1.0,8.0,0.1111111111111111,-7.0
58,O75643,O75643,1,9,7.0,2.0,0.7777777777777778,5.0
334,Q9UMF0,"Q9UMF0,P05362",2,9,0.0,9.0,0.0,-9.0
375,P12830,"P12830,P22223",2,9,6.0,3.0,0.6666666666666666,3.0
625,P07359,P07359,1,8,4.0,4.0,0.5,0.0
746,Q13651,Q13651,1,8,3.0,5.0,0.375,-2.0
542,Q9P286,"Q9P286,Q9NQU5",2,8,4.0,4.0,0.5,0.0
1042,P48735,"P48735,O75874",2,8,7.0,1.0,0.875,6.0
903,Q16647,Q16647,1,8,0.0,8.0,0.0,-8.0
960,P47871,"P47871,P43220",2,8,0.0,8.0,0.0,-8.0
364,Q7Z5Q5,Q7Z5Q5,1,8,0.0,8.0,0.0,-8.0
961,Q9UJA9,"Q9UJA9,Q6UWV6,Q9Y6X5",3,8,0.0,8.0,0.0,-8.0
627,Q9H222,Q9H222,1,8,3.0,5.0,0.375,-2.0
793,P34913,P34913,1,8,0.0,8.0,0.0,-8.0
1315,O43488,"O43488,O95154",2,8,0.0,8.0,0.0,-8.0
1608,Q96EY8,Q96EY8,1,8,6.0,2.0,0.75,4.0
789,O95970,O95970,1,8,8.0,0.0,1.0,8.0
1675,Q07699,Q07699,1,8,7.0,1.0,0.875,6.0
897,P11511,P11511,1,8,4.0,4.0,0.5,0.0
279,Q99575,Q99575,1,8,4.0,4.0,0.5,0.0
1145,P29274,"P29274,P30542",2,8,1.0,7.0,0.125,-6.0
447,Q96QK1,Q96QK1,1,8,0.0,8.0,0.0,-8.0
239,O94953,"O94953,Q9H3R0,Q6B0I6,B2RXH2",4,8,0.0,8.0,0.0,-8.0
1142,P07550,"P07550,P13945",2,8,1.0,7.0,0.125,-6.0
1018,P03905,P03905,1,8,4.0,4.0,0.5,0.0
998,P49821,P49821,1,8,6.0,2.0,0.75,4.0
164,O95163,O95163,1,8,0.0,8.0,0.0,-8.0
1642,Q13253,Q13253,1,8,8.0,0.0,1.0,8.0
1475,Q9UNP9,"Q9UNP9,P45877,Q9Y3C6,P62937,Q9H2H8",5,8,0.0,8.0,0.0,-8.0
870,O95497,O95497,1,8,0.0,8.0,0.0,-8.0
339,P18858,P18858,1,8,1.0,7.0,0.125,-6.0
62,Q9HD67,Q9HD67,1,8,0.0,8.0,0.0,-8.0
385,Q9HBA0,"Q9HBA0,Q8NET8",2,8,6.0,2.0,0.75,4.0
1219,P01137,P01137,1,8,7.0,1.0,0.875,6.0
1179,P49137,"P49137,Q16644",2,8,1.0,7.0,0.125,-6.0
648,P49761,"P49761,P49759,Q9HAZ1",3,8,0.0,8.0,0.0,-8.0
479,P42892,"P42892,P08473",2,8,5.0,3.0,0.625,2.0
1218,Q96FI4,Q96FI4,1,8,1.0,7.0,0.125,-6.0
1353,O15527,O15527,1,8,0.0,8.0,0.0,-8.0
346,Q9Y6K1,"Q9Y6K1,Q9UJW3",2,8,7.0,1.0,0.875,6.0
407,Q9UQ84,Q9UQ84,1,8,0.0,8.0,0.0,-8.0
880,P12081,P12081,1,8,4.0,4.0,0.5,0.0
947,Q92743,"Q92743,O43464,P83110",3,8,5.0,3.0,0.625,2.0
1544,P15559,"P15559,P16083",2,8,0.0,8.0,0.0,-8.0
1568,P28068,P28068,1,7,0.0,7.0,0.0,-7.0
1277,P09651,P09651,1,7,0.0,7.0,0.0,-7.0
1310,Q9UGM6,Q9UGM6,1,7,4.0,3.0,0.5714285714285714,1.0
1391,Q03405,Q03405,1,7,0.0,7.0,0.0,-7.0
854,P00390,P00390,1,7,1.0,6.0,0.14285714285714285,-5.0
569,Q06210,Q06210,1,7,7.0,0.0,1.0,7.0
1673,Q9NZH6,"Q9NZH6,Q9NZH8",2,7,0.0,7.0,0.0,-7.0
860,P55809,P55809,1,7,7.0,0.0,1.0,7.0
982,Q8NB16,Q8NB16,1,7,2.0,5.0,0.2857142857142857,-3.0
1029,P19438,P19438,1,7,7.0,0.0,1.0,7.0
1669,O95716,"O95716,P20337,O00194,P61018,P57735,Q9NP72",6,7,0.0,7.0,0.0,-7.0
560,Q9BYT8,"Q9BYT8,P52888",2,7,0.0,7.0,0.0,-7.0
110,P41229,P41229,1,7,7.0,0.0,1.0,7.0
1177,Q8WVQ1,Q8WVQ1,1,7,5.0,2.0,0.7142857142857143,3.0
547,Q9UBD5,Q9UBD5,1,7,0.0,7.0,0.0,-7.0
983,P27918,P27918,1,7,4.0,3.0,0.5714285714285714,1.0
972,Q8IV63,Q8IV63,1,7,0.0,7.0,0.0,-7.0
1651,P22352,"P22352,O75715,P07203,P18283",4,7,0.0,7.0,0.0,-7.0
290,Q12866,"Q12866,P30530",2,7,3.0,4.0,0.42857142857142855,-1.0
923,P12955,P12955,1,7,4.0,3.0,0.5714285714285714,1.0
676,P35558,P35558,1,7,1.0,6.0,0.14285714285714285,-5.0
633,Q8NI60,Q8NI60,1,7,6.0,1.0,0.8571428571428571,5.0
184,O14727,O14727,1,7,3.0,4.0,0.42857142857142855,-1.0
354,P22681,"P22681,Q9ULV8",2,7,5.0,2.0,0.7142857142857143,3.0
696,Q86SR1,"Q86SR1,Q8N4A0,Q10471",3,7,0.0,7.0,0.0,-7.0
1243,P06732,"P06732,P12277",2,7,0.0,7.0,0.0,-7.0
839,O43865,"O43865,P23526",2,7,4.0,3.0,0.5714285714285714,1.0
1045,A4D126,A4D126,1,7,7.0,0.0,1.0,7.0
532,P28331,P28331,1,7,4.0,3.0,0.5714285714285714,1.0
422,P16109,"P16109,P16581,P14151",3,7,0.0,7.0,0.0,-7.0
1730,P08590,"P08590,P63316",2,7,7.0,0.0,1.0,7.0
1427,P60891,P60891,1,7,7.0,0.0,1.0,7.0
1719,P02763,"P02763,P19652",2,7,0.0,7.0,0.0,-7.0
432,Q86XP0,Q86XP0,1,7,0.0,7.0,0.0,-7.0
1535,P16152,"P16152,O75828",2,7,0.0,7.0,0.0,-7.0
1204,P32754,P32754,1,7,3.0,4.0,0.42857142857142855,-1.0
704,Q15046,Q15046,1,7,6.0,1.0,0.8571428571428571,5.0
439,Q08499,"Q08499,Q08493",2,7,5.0,2.0,0.7142857142857143,3.0
48,Q6P2Q9,Q6P2Q9,1,7,3.0,4.0,0.42857142857142855,-1.0
376,Q99959,Q99959,1,7,2.0,5.0,0.2857142857142857,-3.0
1624,Q9H4Y5,"Q9H4Y5,P78417",2,7,0.0,7.0,0.0,-7.0
592,Q8TDF6,"Q8TDF6,Q7LDG7",2,7,3.0,4.0,0.42857142857142855,-1.0
1046,O95363,O95363,1,7,4.0,3.0,0.5714285714285714,1.0
3,Q92736,Q92736,1,7,6.0,1.0,0.8571428571428571,5.0
519,Q9NRK6,"Q9NRK6,Q9NUT2",2,6,1.0,5.0,0.16666666666666666,-4.0
343,Q13620,"Q13620,Q13616,Q13618,Q13619",4,6,2.0,4.0,0.3333333333333333,-2.0
1623,P0CG30,"P0CG30,P30711",2,6,0.0,6.0,0.0,-6.0
526,P48449,P48449,1,6,0.0,6.0,0.0,-6.0
186,Q96QP1,Q96QP1,1,6,1.0,5.0,0.16666666666666666,-4.0
38,P49327,P49327,1,6,0.0,6.0,0.0,-6.0
1603,Q9GZV9,Q9GZV9,1,6,5.0,1.0,0.8333333333333334,4.0
1333,P49770,P49770,1,6,6.0,0.0,1.0,6.0
729,P23368,"P23368,P48163",2,6,0.0,6.0,0.0,-6.0
614,P54136,P54136,1,6,0.0,6.0,0.0,-6.0
927,Q13188,"Q13188,Q13043,O00506,Q9P289",4,6,1.0,5.0,0.16666666666666666,-4.0
677,Q2TBA0,Q2TBA0,1,6,5.0,1.0,0.8333333333333334,4.0
1241,Q9NXS2,"Q9NXS2,Q16769",2,6,0.0,6.0,0.0,-6.0
643,P07911,P07911,1,6,5.0,1.0,0.8333333333333334,4.0
946,P41595,"P41595,P28335",2,6,3.0,3.0,0.5,0.0
637,Q6PI48,Q6PI48,1,6,5.0,1.0,0.8333333333333334,4.0
68,Q7Z406,"Q7Z406,P35580",2,6,4.0,2.0,0.6666666666666666,2.0
1213,Q99638,Q99638,1,6,0.0,6.0,0.0,-6.0
310,Q86Y38,Q86Y38,1,6,0.0,6.0,0.0,-6.0
1246,P08174,P08174,1,6,1.0,5.0,0.16666666666666666,-4.0
610,P20591,P20591,1,6,0.0,6.0,0.0,-6.0
1176,P05121,"P05121,P07093",2,6,0.0,6.0,0.0,-6.0
1192,Q13216,Q13216,1,6,4.0,2.0,0.6666666666666666,2.0
980,P16671,P16671,1,6,1.0,5.0,0.16666666666666666,-4.0
513,Q05823,Q05823,1,6,0.0,6.0,0.0,-6.0
904,Q06330,Q06330,1,6,0.0,6.0,0.0,-6.0
987,P54315,"P54315,P16233",2,6,1.0,5.0,0.16666666666666666,-4.0
1577,P28067,P28067,1,6,0.0,6.0,0.0,-6.0
563,P06731,P06731,1,6,0.0,6.0,0.0,-6.0
1580,Q9NVS9,Q9NVS9,1,6,4.0,2.0,0.6666666666666666,2.0
42,O00763,"O00763,Q13085",2,6,1.0,5.0,0.16666666666666666,-4.0
275,Q9Y6X9,Q9Y6X9,1,6,3.0,3.0,0.5,0.0
326,O60462,"O60462,O14786",2,6,0.0,6.0,0.0,-6.0
34,P46531,"P46531,Q04721,Q9UM47",3,6,2.0,4.0,0.3333333333333333,-2.0
5,Q15149,Q15149,1,6,0.0,6.0,0.0,-6.0
754,O00311,O00311,1,6,0.0,6.0,0.0,-6.0
1279,Q96RU8,Q96RU8,1,6,0.0,6.0,0.0,-6.0
496,O14920,"O14920,O15111",2,6,1.0,5.0,0.16666666666666666,-4.0
1106,P25116,"P25116,P55085",2,6,0.0,6.0,0.0,-6.0
1743,Q99497,Q99497,1,6,2.0,4.0,0.3333333333333333,-2.0
382,O14638,"O14638,Q13822",2,6,0.0,6.0,0.0,-6.0
449,Q9UQ90,Q9UQ90,1,6,3.0,3.0,0.5,0.0
1667,Q68J44,"Q68J44,Q9UII6,Q6B8I1",3,6,0.0,6.0,0.0,-6.0
1078,P09104,"P09104,P06733,P13929",3,6,1.0,5.0,0.16666666666666666,-4.0
1062,O75530,O75530,1,6,6.0,0.0,1.0,6.0
764,P19440,P19440,1,6,0.0,6.0,0.0,-6.0
1144,P07339,"P07339,P00797,P14091",3,6,1.0,5.0,0.16666666666666666,-4.0
1386,Q13426,Q13426,1,6,1.0,5.0,0.16666666666666666,-4.0
1381,P09467,P09467,1,6,2.0,4.0,0.3333333333333333,-2.0
882,Q86Y07,Q86Y07,1,6,0.0,6.0,0.0,-6.0
879,P49643,P49643,1,6,0.0,6.0,0.0,-6.0
1385,Q9UG22,"Q9UG22,Q8WWP7",2,6,1.0,5.0,0.16666666666666666,-4.0
828,O75191,O75191,1,6,0.0,6.0,0.0,-6.0
93,Q01955,Q01955,1,6,3.0,3.0,0.5,0.0
387,Q8WUM4,Q8WUM4,1,6,0.0,6.0,0.0,-6.0
28,Q9NT68,Q9NT68,1,6,0.0,6.0,0.0,-6.0
944,Q13325,"Q13325,P09914,P09913",3,5,0.0,5.0,0.0,-5.0
1198,Q02127,Q02127,1,5,3.0,2.0,0.6,1.0
1532,P49638,P49638,1,5,4.0,1.0,0.8,3.0
611,Q99467,Q99467,1,5,0.0,5.0,0.0,-5.0
1374,P07858,P07858,1,5,0.0,5.0,0.0,-5.0
258,Q9Y233,Q9Y233,1,5,2.0,3.0,0.4,-1.0
115,P07814,P07814,1,5,0.0,5.0,0.0,-5.0
50,P23471,"P23471,P23470",2,5,0.0,5.0,0.0,-5.0
659,P31645,P31645,1,5,0.0,5.0,0.0,-5.0
910,P05546,P05546,1,5,1.0,4.0,0.2,-3.0
133,P28827,"P28827,O14522",2,5,4.0,1.0,0.8,3.0
847,P19878,P19878,1,5,4.0,1.0,0.8,3.0
782,P02748,P02748,1,5,1.0,4.0,0.2,-3.0
1134,P27352,P27352,1,5,2.0,3.0,0.4,-1.0
314,Q9BXB1,"Q9BXB1,O75473",2,5,0.0,5.0,0.0,-5.0
597,Q13976,Q13976,1,5,1.0,4.0,0.2,-3.0
121,Q9NYV4,"Q9NYV4,P50750",2,5,1.0,4.0,0.2,-3.0
1139,P55211,"P55211,P42574",2,5,0.0,5.0,0.0,-5.0
285,P22102,P22102,1,5,1.0,4.0,0.2,-3.0
70,Q96QU1,Q96QU1,1,5,0.0,5.0,0.0,-5.0
1481,O75792,O75792,1,5,1.0,4.0,0.2,-3.0
665,Q9Y3Z3,Q9Y3Z3,1,5,5.0,0.0,1.0,5.0
976,Q8TBK2,Q8TBK2,1,5,0.0,5.0,0.0,-5.0
936,Q9BXK5,Q9BXK5,1,5,0.0,5.0,0.0,-5.0
1117,Q99983,Q99983,1,5,0.0,5.0,0.0,-5.0
389,Q9UI17,Q9UI17,1,5,1.0,4.0,0.2,-3.0
630,P46063,P46063,1,5,0.0,5.0,0.0,-5.0
642,Q9H6W3,"Q9H6W3,Q8IUF8",2,5,0.0,5.0,0.0,-5.0
829,P05187,P05187,1,5,0.0,5.0,0.0,-5.0
1350,P20933,P20933,1,5,5.0,0.0,1.0,5.0
830,Q8N159,Q8N159,1,5,5.0,0.0,1.0,5.0
1465,O76036,"O76036,P24071",2,5,1.0,4.0,0.2,-3.0
1516,Q5VVY1,Q5VVY1,1,5,0.0,5.0,0.0,-5.0
1466,Q9BRQ3,Q9BRQ3,1,5,0.0,5.0,0.0,-5.0
922,O95822,O95822,1,5,5.0,0.0,1.0,5.0
695,P35354,P35354,1,5,0.0,5.0,0.0,-5.0
631,Q16881,"Q16881,Q9NNW7",2,5,0.0,5.0,0.0,-5.0
303,P49588,P49588,1,5,3.0,2.0,0.6,1.0
209,Q00722,Q00722,1,5,0.0,5.0,0.0,-5.0
1327,O00182,"O00182,O00214",2,5,0.0,5.0,0.0,-5.0
815,O00294,O00294,1,5,4.0,1.0,0.8,3.0
1520,Q8N8Q3,Q8N8Q3,1,5,0.0,5.0,0.0,-5.0
1362,Q9H244,"Q9H244,Q15391",2,5,4.0,1.0,0.8,3.0
800,O15389,"O15389,P20138",2,5,0.0,5.0,0.0,-5.0
1770,P10916,P10916,1,5,4.0,1.0,0.8,3.0
953,Q14790,"Q14790,P55210,P55212",3,5,1.0,4.0,0.2,-3.0
798,Q9BVS4,Q9BVS4,1,5,0.0,5.0,0.0,-5.0
1211,Q8NBL1,Q8NBL1,1,5,3.0,2.0,0.6,1.0
380,Q05086,Q05086,1,5,1.0,4.0,0.2,-3.0
835,O43175,O43175,1,5,4.0,1.0,0.8,3.0
514,Q15027,Q15027,1,5,2.0,3.0,0.4,-1.0
670,O43252,"O43252,O95340",2,5,2.0,3.0,0.4,-1.0
190,Q12791,"Q12791,A8MYU2",2,5,2.0,3.0,0.4,-1.0
748,Q08AH3,Q08AH3,1,5,0.0,5.0,0.0,-5.0
141,Q76LX8,Q76LX8,1,5,0.0,5.0,0.0,-5.0
355,Q8TCG1,Q8TCG1,1,5,0.0,5.0,0.0,-5.0
559,Q96EF0,"Q96EF0,Q13614,Q9Y217",3,5,3.0,2.0,0.6,1.0
1273,Q9BV79,Q9BV79,1,5,3.0,2.0,0.6,1.0
1428,Q10588,Q10588,1,5,0.0,5.0,0.0,-5.0
1610,P60174,P60174,1,5,4.0,1.0,0.8,3.0
555,Q969H0,Q969H0,1,5,4.0,1.0,0.8,3.0
553,P49959,P49959,1,5,4.0,1.0,0.8,3.0
1656,P02741,"P02741,P02743",2,5,1.0,4.0,0.2,-3.0
484,Q9NRH2,"Q9NRH2,Q9P1W9",2,5,0.0,5.0,0.0,-5.0
485,P11387,P11387,1,5,4.0,1.0,0.8,3.0
871,O00481,"O00481,P78410",2,5,0.0,5.0,0.0,-5.0
181,Q96PY6,"Q96PY6,Q8TDX7",2,5,2.0,3.0,0.4,-1.0
546,P51617,P51617,1,5,1.0,4.0,0.2,-3.0
39,P11717,P11717,1,5,0.0,5.0,0.0,-5.0
341,P40189,P40189,1,5,1.0,4.0,0.2,-3.0
236,Q02846,Q02846,1,5,5.0,0.0,1.0,5.0
363,P56192,P56192,1,5,2.0,3.0,0.4,-1.0
506,O00391,O00391,1,5,0.0,5.0,0.0,-5.0
1030,P17735,P17735,1,5,4.0,1.0,0.8,3.0
1633,P28072,"P28072,P28065",2,5,0.0,5.0,0.0,-5.0
520,Q9NY33,Q9NY33,1,5,0.0,5.0,0.0,-5.0
1694,Q9NP95,"Q9NP95,P31371,P05230",3,5,0.0,5.0,0.0,-5.0
1561,O43819,O43819,1,5,5.0,0.0,1.0,5.0
183,Q9UBZ9,Q9UBZ9,1,5,0.0,5.0,0.0,-5.0
899,P14868,P14868,1,5,3.0,2.0,0.6,1.0
1387,Q9H0P0,Q9H0P0,1,5,5.0,0.0,1.0,5.0
1620,P51580,P51580,1,5,1.0,4.0,0.2,-3.0
232,Q9NZJ5,Q9NZJ5,1,5,3.0,2.0,0.6,1.0
1622,Q15848,Q15848,1,5,0.0,5.0,0.0,-5.0
1014,Q9Y5C1,Q9Y5C1,1,5,0.0,5.0,0.0,-5.0
680,Q13490,Q13490,1,4,0.0,4.0,0.0,-4.0
1275,Q96LB8,"Q96LB8,Q96LB9,O75594",3,4,0.0,4.0,0.0,-4.0
819,O43353,O43353,1,4,0.0,4.0,0.0,-4.0
1485,P29372,P29372,1,4,0.0,4.0,0.0,-4.0
1276,O95568,O95568,1,4,0.0,4.0,0.0,-4.0
1344,Q9P2T1,"Q9P2T1,P36959",2,4,0.0,4.0,0.0,-4.0
295,Q16513,"Q16513,Q16512",2,4,0.0,4.0,0.0,-4.0
218,Q8WUM0,Q8WUM0,1,4,1.0,3.0,0.25,-2.0
890,Q9C0B1,Q9C0B1,1,4,1.0,3.0,0.25,-2.0
1354,P02749,P02749,1,4,0.0,4.0,0.0,-4.0
881,P09622,P09622,1,4,2.0,2.0,0.5,0.0
94,P02462,P02462,1,4,3.0,1.0,0.75,2.0
1274,P56589,P56589,1,4,2.0,2.0,0.5,0.0
1425,P32322,P32322,1,4,3.0,1.0,0.75,2.0
1419,P51946,P51946,1,4,0.0,4.0,0.0,-4.0
289,Q13472,"Q13472,O95985",2,4,0.0,4.0,0.0,-4.0
1383,Q96C86,Q96C86,1,4,1.0,3.0,0.25,-2.0
1463,O75716,O75716,1,4,0.0,4.0,0.0,-4.0
846,P56282,P56282,1,4,0.0,4.0,0.0,-4.0
222,O14746,O14746,1,4,4.0,0.0,1.0,4.0
282,P98073,"P98073,P00746,P20718",3,4,0.0,4.0,0.0,-4.0
849,Q9UI10,Q9UI10,1,4,3.0,1.0,0.75,2.0
781,Q96LW4,Q96LW4,1,4,1.0,3.0,0.25,-2.0
1255,Q86WV6,Q86WV6,1,4,1.0,3.0,0.25,-2.0
1439,P30519,"P30519,P09601",2,4,0.0,4.0,0.0,-4.0
900,O15488,"O15488,P46976",2,4,2.0,2.0,0.5,0.0
774,Q9H6X2,"Q9H6X2,P58335",2,4,3.0,1.0,0.75,2.0
1260,Q9UNM6,Q9UNM6,1,4,0.0,4.0,0.0,-4.0
101,P26358,P26358,1,4,4.0,0.0,1.0,4.0
909,Q99640,Q99640,1,4,0.0,4.0,0.0,-4.0
1306,O95551,O95551,1,4,0.0,4.0,0.0,-4.0
1379,P40926,P40926,1,4,3.0,1.0,0.75,2.0
721,P30153,P30153,1,4,4.0,0.0,1.0,4.0
220,P20585,P20585,1,4,0.0,4.0,0.0,-4.0
278,Q9BYX4,Q9BYX4,1,4,3.0,1.0,0.75,2.0
240,P53992,"P53992,O94855",2,4,0.0,4.0,0.0,-4.0
893,P22680,P22680,1,4,0.0,4.0,0.0,-4.0
1247,Q9Y3R4,Q9Y3R4,1,4,0.0,4.0,0.0,-4.0
1368,Q14565,"Q14565,Q06609",2,4,2.0,2.0,0.5,0.0
228,Q7Z2Z2,Q7Z2Z2,1,4,0.0,4.0,0.0,-4.0
1294,P51582,P51582,1,4,0.0,4.0,0.0,-4.0
840,P52292,P52292,1,4,0.0,4.0,0.0,-4.0
838,O60678,O60678,1,4,0.0,4.0,0.0,-4.0
106,P51531,P51531,1,4,4.0,0.0,1.0,4.0
108,Q13576,Q13576,1,4,0.0,4.0,0.0,-4.0
755,Q8N6P7,Q8N6P7,1,4,0.0,4.0,0.0,-4.0
283,Q9Y2M0,Q9Y2M0,1,4,4.0,0.0,1.0,4.0
728,Q8N807,Q8N807,1,4,1.0,3.0,0.25,-2.0
965,Q96NX5,"Q96NX5,Q8IU85,Q14012",3,4,1.0,3.0,0.25,-2.0
356,O15455,O15455,1,4,1.0,3.0,0.25,-2.0
1615,P31947,"P31947,P61981",2,4,3.0,1.0,0.75,2.0
353,P35221,P35221,1,4,0.0,4.0,0.0,-4.0
1012,Q9NWZ3,Q9NWZ3,1,4,1.0,3.0,0.25,-2.0
351,Q13200,Q13200,1,4,0.0,4.0,0.0,-4.0
429,P07332,P07332,1,4,0.0,4.0,0.0,-4.0
1172,O14965,"O14965,Q96GD4",2,4,1.0,3.0,0.25,-2.0
33,O75417,O75417,1,4,0.0,4.0,0.0,-4.0
531,P49711,P49711,1,4,4.0,0.0,1.0,4.0
1617,Q5VY80,"Q5VY80,Q9BZM4",2,4,0.0,4.0,0.0,-4.0
1003,Q9P2R7,Q9P2R7,1,4,3.0,1.0,0.75,2.0
139,P29475,"P29475,P35228",2,4,1.0,3.0,0.25,-2.0
576,P78362,"P78362,Q96SB4",2,4,0.0,4.0,0.0,-4.0
1590,P30048,"P30048,Q06830",2,4,0.0,4.0,0.0,-4.0
41,P02751,P02751,1,4,2.0,2.0,0.5,0.0
1122,Q9HCJ6,"Q9HCJ6,Q08257",2,4,0.0,4.0,0.0,-4.0
1579,Q92506,"Q92506,Q9BUT1,Q8N4T8",3,4,0.0,4.0,0.0,-4.0
43,Q92793,"Q92793,Q09472",2,4,3.0,1.0,0.75,2.0
420,Q8NEM0,Q8NEM0,1,4,0.0,4.0,0.0,-4.0
1035,P22695,P22695,1,4,1.0,3.0,0.25,-2.0
1182,Q9H2X3,Q9H2X3,1,4,0.0,4.0,0.0,-4.0
1067,P04181,P04181,1,4,4.0,0.0,1.0,4.0
171,Q9H9B1,"Q9H9B1,Q96KQ7",2,4,2.0,2.0,0.5,0.0
1017,P16871,P16871,1,4,2.0,2.0,0.5,0.0
1131,P00558,P00558,1,4,4.0,0.0,1.0,4.0
436,Q9BZ11,Q9BZ11,1,4,0.0,4.0,0.0,-4.0
1148,P16444,P16444,1,4,1.0,3.0,0.25,-2.0
1150,Q16654,"Q16654,Q15120",2,4,1.0,3.0,0.25,-2.0
1683,Q9BTP7,Q9BTP7,1,4,0.0,4.0,0.0,-4.0
1041,Q9NR50,Q9NR50,1,4,3.0,1.0,0.75,2.0
7,Q9NZJ4,Q9NZJ4,1,4,3.0,1.0,0.75,2.0
175,Q96KN7,Q96KN7,1,4,3.0,1.0,0.75,2.0
372,P21399,P21399,1,4,0.0,4.0,0.0,-4.0
1699,O95843,O95843,1,4,0.0,4.0,0.0,-4.0
469,P35222,"P35222,P14923",2,4,1.0,3.0,0.25,-2.0
371,O60741,"O60741,Q9UL51",2,4,3.0,1.0,0.75,2.0
473,Q99728,Q99728,1,4,0.0,4.0,0.0,-4.0
1028,P10826,P10826,1,4,4.0,0.0,1.0,4.0
443,Q2NL82,Q2NL82,1,4,0.0,4.0,0.0,-4.0
1664,P04179,P04179,1,4,0.0,4.0,0.0,-4.0
1140,Q8N136,Q8N136,1,4,0.0,4.0,0.0,-4.0
1154,O14556,"O14556,P04406",2,4,0.0,4.0,0.0,-4.0
20,O75962,"O75962,Q86VW2",2,4,1.0,3.0,0.25,-2.0
1158,P15735,P15735,1,4,3.0,1.0,0.75,2.0
1649,Q96AZ1,"Q96AZ1,Q8WXB1",2,4,0.0,4.0,0.0,-4.0
1567,O75489,O75489,1,4,1.0,3.0,0.25,-2.0
1735,P17900,P17900,1,4,1.0,3.0,0.25,-2.0
1186,P07098,P07098,1,4,0.0,4.0,0.0,-4.0
652,P18887,P18887,1,4,0.0,4.0,0.0,-4.0
632,Q15397,Q15397,1,4,0.0,4.0,0.0,-4.0
1081,Q96Q11,Q96Q11,1,4,4.0,0.0,1.0,4.0
1517,P78345,P78345,1,4,0.0,4.0,0.0,-4.0
401,Q9HCS7,Q9HCS7,1,4,0.0,4.0,0.0,-4.0
301,O00444,O00444,1,4,0.0,4.0,0.0,-4.0
1220,P14598,P14598,1,4,1.0,3.0,0.25,-2.0
651,Q9NUX5,Q9NUX5,1,4,1.0,3.0,0.25,-2.0
165,O95271,"O95271,Q9H2K2",2,4,0.0,4.0,0.0,-4.0
2,O14686,O14686,1,4,4.0,0.0,1.0,4.0
1207,O15382,"O15382,P54687",2,4,0.0,4.0,0.0,-4.0
298,Q96PU5,Q96PU5,1,4,4.0,0.0,1.0,4.0
126,Q9UBG0,"Q9UBG0,P22897",2,4,0.0,4.0,0.0,-4.0
1230,P15309,P15309,1,4,0.0,4.0,0.0,-4.0
392,Q05193,"Q05193,O00429",2,4,1.0,3.0,0.25,-2.0
1235,Q96CB9,Q96CB9,1,4,0.0,4.0,0.0,-4.0
931,Q92769,"Q92769,Q9BY41",2,4,2.0,2.0,0.5,0.0
664,P43681,"P43681,Q15822,P02708",3,4,3.0,1.0,0.75,2.0
667,Q14397,Q14397,1,4,0.0,4.0,0.0,-4.0
1526,O60671,O60671,1,4,0.0,4.0,0.0,-4.0
634,P53667,"P53667,P53671",2,4,0.0,4.0,0.0,-4.0
957,Q9UMR2,"Q9UMR2,Q14240",2,4,0.0,4.0,0.0,-4.0
1540,P28062,P28062,1,4,3.0,1.0,0.75,2.0
985,Q9BX59,Q9BX59,1,4,0.0,4.0,0.0,-4.0
416,Q99062,Q99062,1,4,2.0,2.0,0.5,0.0
1737,P01588,P01588,1,4,2.0,2.0,0.5,0.0
585,O75746,"O75746,Q9UJS0",2,4,1.0,3.0,0.25,-2.0
1070,P26641,P26641,1,4,0.0,4.0,0.0,-4.0
321,P11586,P11586,1,4,0.0,4.0,0.0,-4.0
320,Q05586,Q05586,1,4,1.0,3.0,0.25,-2.0
601,P30203,P30203,1,4,0.0,4.0,0.0,-4.0
1679,O43708,O43708,1,4,2.0,2.0,0.5,0.0
826,Q9HB96,Q9HB96,1,3,0.0,3.0,0.0,-3.0
1084,P20061,P20061,1,3,0.0,3.0,0.0,-3.0
1098,O15554,O15554,1,3,3.0,0.0,1.0,3.0
1086,Q9NRG4,"Q9NRG4,Q9H7B4",2,3,0.0,3.0,0.0,-3.0
1076,O43913,O43913,1,3,0.0,3.0,0.0,-3.0
1039,Q92484,Q92484,1,3,0.0,3.0,0.0,-3.0
1059,Q7L5Y1,Q7L5Y1,1,3,0.0,3.0,0.0,-3.0
1314,Q02083,Q02083,1,3,0.0,3.0,0.0,-3.0
1332,Q96BN8,Q96BN8,1,3,0.0,3.0,0.0,-3.0
1118,Q8TBX8,"Q8TBX8,P48426",2,3,0.0,3.0,0.0,-3.0
1317,Q15257,Q15257,1,3,0.0,3.0,0.0,-3.0
244,Q9Y6K5,"Q9Y6K5,P00973",2,3,0.0,3.0,0.0,-3.0
1073,O43929,O43929,1,3,1.0,2.0,0.3333333333333333,-1.0
1080,Q15561,"Q15561,P28347",2,3,1.0,2.0,0.3333333333333333,-1.0
845,P21397,P21397,1,3,0.0,3.0,0.0,-3.0
1320,P30533,P30533,1,3,0.0,3.0,0.0,-3.0
156,Q13464,"Q13464,Q15208",2,3,0.0,3.0,0.0,-3.0
1126,P36955,P36955,1,3,0.0,3.0,0.0,-3.0
1100,Q92466,Q92466,1,3,1.0,2.0,0.3333333333333333,-1.0
1137,Q8TAX9,Q8TAX9,1,3,0.0,3.0,0.0,-3.0
1132,P37268,P37268,1,3,0.0,3.0,0.0,-3.0
841,O43278,O43278,1,3,0.0,3.0,0.0,-3.0
1124,P14324,P14324,1,3,0.0,3.0,0.0,-3.0
1236,Q9UBR1,Q9UBR1,1,3,1.0,2.0,0.3333333333333333,-1.0
180,O15357,O15357,1,3,1.0,2.0,0.3333333333333333,-1.0
916,P42785,"P42785,Q9UHL4",2,3,0.0,3.0,0.0,-3.0
984,P49005,P49005,1,3,0.0,3.0,0.0,-3.0
1189,Q96G97,Q96G97,1,3,3.0,0.0,1.0,3.0
194,O00411,O00411,1,3,0.0,3.0,0.0,-3.0
905,Q9Y6A2,Q9Y6A2,1,3,0.0,3.0,0.0,-3.0
908,Q13557,"Q13557,Q16566",2,3,1.0,2.0,0.3333333333333333,-1.0
196,Q14562,"Q14562,O60231",2,3,0.0,3.0,0.0,-3.0
822,Q6XQN6,Q6XQN6,1,3,0.0,3.0,0.0,-3.0
963,O14757,O14757,1,3,0.0,3.0,0.0,-3.0
962,Q9Y2Z4,Q9Y2Z4,1,3,2.0,1.0,0.6666666666666666,1.0
221,P18206,P18206,1,3,2.0,1.0,0.6666666666666666,1.0
1184,Q99551,Q99551,1,3,0.0,3.0,0.0,-3.0
951,P58004,P58004,1,3,0.0,3.0,0.0,-3.0
919,Q9NP87,Q9NP87,1,3,0.0,3.0,0.0,-3.0
1215,P68400,"P68400,P19784",2,3,2.0,1.0,0.6666666666666666,1.0
1240,P21453,"P21453,Q92633",2,3,0.0,3.0,0.0,-3.0
127,P01023,P01023,1,3,0.0,3.0,0.0,-3.0
1224,Q9H488,Q9H488,1,3,0.0,3.0,0.0,-3.0
1237,P25929,"P25929,P50391",2,3,0.0,3.0,0.0,-3.0
122,Q5JU85,"Q5JU85,Q6DN90",2,3,2.0,1.0,0.6666666666666666,1.0
930,Q658P3,"Q658P3,Q687X5",2,3,0.0,3.0,0.0,-3.0
1185,Q9NTG7,Q9NTG7,1,3,0.0,3.0,0.0,-3.0
992,Q9HBH9,"Q9HBH9,Q9BUB5",2,3,0.0,3.0,0.0,-3.0
1302,P54725,P54725,1,3,0.0,3.0,0.0,-3.0
1159,Q9Y663,"Q9Y663,Q8IZT8,O14792",3,3,0.0,3.0,0.0,-3.0
1301,Q9H777,Q9H777,1,3,0.0,3.0,0.0,-3.0
102,O75581,O75581,1,3,0.0,3.0,0.0,-3.0
858,Q8N5Y2,Q8N5Y2,1,3,0.0,3.0,0.0,-3.0
1299,P50052,P50052,1,3,0.0,3.0,0.0,-3.0
1152,Q9H3H5,Q9H3H5,1,3,2.0,1.0,0.6666666666666666,1.0
868,Q9BZK7,Q9BZK7,1,3,2.0,1.0,0.6666666666666666,1.0
1157,Q93088,Q93088,1,3,0.0,3.0,0.0,-3.0
1021,P15169,"P15169,P14384",2,3,1.0,2.0,0.3333333333333333,-1.0
1283,Q9BV20,Q9BV20,1,3,0.0,3.0,0.0,-3.0
1161,P62195,P62195,1,3,1.0,2.0,0.3333333333333333,-1.0
1262,P36952,P36952,1,3,0.0,3.0,0.0,-3.0
216,Q9NSY1,Q9NSY1,1,3,1.0,2.0,0.3333333333333333,-1.0
182,Q7L576,Q7L576,1,3,0.0,3.0,0.0,-3.0
1164,P00738,P00738,1,3,0.0,3.0,0.0,-3.0
140,Q14191,Q14191,1,3,1.0,2.0,0.3333333333333333,-1.0
185,P14543,P14543,1,3,1.0,2.0,0.3333333333333333,-1.0
111,Q9ULG1,Q9ULG1,1,3,0.0,3.0,0.0,-3.0
1002,O75306,O75306,1,3,1.0,2.0,0.3333333333333333,-1.0
1180,P53602,P53602,1,3,1.0,2.0,0.3333333333333333,-1.0
1263,O14793,O14793,1,3,0.0,3.0,0.0,-3.0
739,P30305,"P30305,P30307",2,3,0.0,3.0,0.0,-3.0
1089,Q9UK39,Q9UK39,1,3,0.0,3.0,0.0,-3.0
1334,Q7LG56,Q7LG56,1,3,3.0,0.0,1.0,3.0
1542,Q9H1Y0,Q9H1Y0,1,3,2.0,1.0,0.6666666666666666,1.0
618,Q15256,"Q15256,P54829",2,3,0.0,3.0,0.0,-3.0
55,Q92673,Q92673,1,3,2.0,1.0,0.6666666666666666,1.0
615,Q9NW15,Q9NW15,1,3,0.0,3.0,0.0,-3.0
1531,Q9BTZ2,Q9BTZ2,1,3,0.0,3.0,0.0,-3.0
1539,O15194,O15194,1,3,0.0,3.0,0.0,-3.0
1541,Q9NQT5,Q9NQT5,1,3,2.0,1.0,0.6666666666666666,1.0
595,Q13546,Q13546,1,3,2.0,1.0,0.6666666666666666,1.0
628,Q14680,Q14680,1,3,0.0,3.0,0.0,-3.0
1551,P21964,P21964,1,3,0.0,3.0,0.0,-3.0
588,P49848,P49848,1,3,2.0,1.0,0.6666666666666666,1.0
1552,P01583,P01583,1,3,0.0,3.0,0.0,-3.0
1557,Q8WV22,Q8WV22,1,3,0.0,3.0,0.0,-3.0
1558,P48060,P48060,1,3,0.0,3.0,0.0,-3.0
571,Q96PX8,Q96PX8,1,3,2.0,1.0,0.6666666666666666,1.0
309,P36776,P36776,1,3,1.0,2.0,0.3333333333333333,-1.0
1515,Q15475,Q15475,1,3,2.0,1.0,0.6666666666666666,1.0
568,Q9UKM7,Q9UKM7,1,3,1.0,2.0,0.3333333333333333,-1.0
287,O43424,O43424,1,3,1.0,2.0,0.3333333333333333,-1.0
1433,P12271,P12271,1,3,3.0,0.0,1.0,3.0
73,P23468,"P23468,P23469",2,3,2.0,1.0,0.6666666666666666,1.0
716,P31939,P31939,1,3,0.0,3.0,0.0,-3.0
714,Q15833,Q15833,1,3,3.0,0.0,1.0,3.0
711,Q92990,Q92990,1,3,0.0,3.0,0.0,-3.0
706,Q7Z628,Q7Z628,1,3,1.0,2.0,0.3333333333333333,-1.0
693,O75604,"O75604,Q9UK80",2,3,0.0,3.0,0.0,-3.0
1507,O14732,"O14732,P29218",2,3,0.0,3.0,0.0,-3.0
692,Q8WXI4,"Q8WXI4,Q8WYK0",2,3,1.0,2.0,0.3333333333333333,-1.0
688,Q9NUW8,Q9NUW8,1,3,0.0,3.0,0.0,-3.0
1492,P13726,P13726,1,3,0.0,3.0,0.0,-3.0
1497,Q86WA6,Q86WA6,1,3,0.0,3.0,0.0,-3.0
297,O75460,O75460,1,3,2.0,1.0,0.6666666666666666,1.0
300,Q15029,Q15029,1,3,2.0,1.0,0.6666666666666666,1.0
570,Q53GS7,Q53GS7,1,3,1.0,2.0,0.3333333333333333,-1.0
1576,P25789,"P25789,P60900",2,3,0.0,3.0,0.0,-3.0
723,Q96RR4,"Q96RR4,Q8N5S9",2,3,1.0,2.0,0.3333333333333333,-1.0
1731,P55957,P55957,1,3,0.0,3.0,0.0,-3.0
1698,O00217,O00217,1,3,3.0,0.0,1.0,3.0
448,Q8N608,"Q8N608,Q12884",2,3,0.0,3.0,0.0,-3.0
445,Q9NYL2,Q9NYL2,1,3,1.0,2.0,0.3333333333333333,-1.0
441,Q9Y2R2,Q9Y2R2,1,3,0.0,3.0,0.0,-3.0
434,O00423,O00423,1,3,0.0,3.0,0.0,-3.0
1716,P07360,P07360,1,3,0.0,3.0,0.0,-3.0
421,Q99523,Q99523,1,3,0.0,3.0,0.0,-3.0
459,P21580,P21580,1,3,1.0,2.0,0.3333333333333333,-1.0
417,Q59H18,Q59H18,1,3,0.0,3.0,0.0,-3.0
1748,Q9H0F7,"Q9H0F7,P36404,P18085",3,3,1.0,2.0,0.3333333333333333,-1.0
406,P20273,P20273,1,3,0.0,3.0,0.0,-3.0
403,O60341,O60341,1,3,3.0,0.0,1.0,3.0
1761,P02511,P02511,1,3,1.0,2.0,0.3333333333333333,-1.0
1773,Q13323,Q13323,1,3,0.0,3.0,0.0,-3.0
1693,Q16611,Q16611,1,3,0.0,3.0,0.0,-3.0
463,Q16666,Q16666,1,3,0.0,3.0,0.0,-3.0
336,Q9H0M0,"Q9H0M0,O00308",2,3,0.0,3.0,0.0,-3.0
515,Q9UNA4,Q9UNA4,1,3,0.0,3.0,0.0,-3.0
1584,O14593,O14593,1,3,2.0,1.0,0.6666666666666666,1.0
550,Q92542,Q92542,1,3,1.0,2.0,0.3333333333333333,-1.0
1592,Q13084,Q13084,1,3,0.0,3.0,0.0,-3.0
1616,Q8N1Q8,Q8N1Q8,1,3,0.0,3.0,0.0,-3.0
530,O00459,"O00459,P27986",2,3,1.0,2.0,0.3333333333333333,-1.0
1626,Q96GX9,Q96GX9,1,3,0.0,3.0,0.0,-3.0
1627,Q9BUP3,Q9BUP3,1,3,2.0,1.0,0.6666666666666666,1.0
466,Q8TCS8,Q8TCS8,1,3,0.0,3.0,0.0,-3.0
1635,Q5VWZ2,"Q5VWZ2,O75608",2,3,0.0,3.0,0.0,-3.0
501,P47712,P47712,1,3,0.0,3.0,0.0,-3.0
492,P02786,P02786,1,3,0.0,3.0,0.0,-3.0
1650,P16401,P16401,1,3,1.0,2.0,0.3333333333333333,-1.0
1665,Q9BS40,Q9BS40,1,3,0.0,3.0,0.0,-3.0
1668,P59095,"P59095,Q9NSY2",2,3,0.0,3.0,0.0,-3.0
1432,P43358,P43358,1,3,1.0,2.0,0.3333333333333333,-1.0
1528,O60921,O60921,1,3,0.0,3.0,0.0,-3.0
765,P14778,P14778,1,3,0.0,3.0,0.0,-3.0
738,Q9GZU1,Q9GZU1,1,3,2.0,1.0,0.6666666666666666,1.0
253,O75146,O75146,1,3,0.0,3.0,0.0,-3.0
1420,Q8WXH4,Q8WXH4,1,3,0.0,3.0,0.0,-3.0
743,Q8NFG4,Q8NFG4,1,3,3.0,0.0,1.0,3.0
1360,P21731,P21731,1,3,0.0,3.0,0.0,-3.0
802,Q96NY9,Q96NY9,1,3,0.0,3.0,0.0,-3.0
796,P54646,P54646,1,3,1.0,2.0,0.3333333333333333,-1.0
752,Q9UGP5,"Q9UGP5,P06746",2,3,0.0,3.0,0.0,-3.0
753,P21589,P21589,1,3,0.0,3.0,0.0,-3.0
89,P52179,P52179,1,3,0.0,3.0,0.0,-3.0
1404,Q9NUV9,"Q9NUV9,Q8NHV1",2,3,0.0,3.0,0.0,-3.0
1403,P13716,P13716,1,3,3.0,0.0,1.0,3.0
268,P42285,P42285,1,3,0.0,3.0,0.0,-3.0
259,Q05397,"Q05397,Q14289",2,3,0.0,3.0,0.0,-3.0
265,O15294,O15294,1,3,3.0,0.0,1.0,3.0
1377,Q15080,Q15080,1,3,0.0,3.0,0.0,-3.0
1397,O14656,O14656,1,3,1.0,2.0,0.3333333333333333,-1.0
74,P21675,P21675,1,3,2.0,1.0,0.6666666666666666,1.0
777,P30038,P30038,1,3,0.0,3.0,0.0,-3.0
772,O75419,O75419,1,3,0.0,3.0,0.0,-3.0
1422,Q96KB5,Q96KB5,1,3,0.0,3.0,0.0,-3.0
1390,Q16698,"Q16698,Q9BY49",2,3,0.0,3.0,0.0,-3.0
1424,Q13155,Q13155,1,3,1.0,2.0,0.3333333333333333,-1.0
1430,P27695,P27695,1,3,0.0,3.0,0.0,-3.0
817,Q13478,Q13478,1,3,0.0,3.0,0.0,-3.0
1338,Q07820,Q07820,1,3,0.0,3.0,0.0,-3.0
733,Q13740,Q13740,1,3,0.0,3.0,0.0,-3.0
90,P29400,P29400,1,3,3.0,0.0,1.0,3.0
270,Q02246,Q02246,1,3,0.0,3.0,0.0,-3.0
726,Q8IXQ5,Q8IXQ5,1,3,2.0,1.0,0.6666666666666666,1.0
1389,O94766,"O94766,Q9P2W7",2,2,1.0,1.0,0.5,0.0
1370,Q8N0X4,Q8N0X4,1,2,0.0,2.0,0.0,-2.0
1376,Q8TBZ6,Q8TBZ6,1,2,1.0,1.0,0.5,0.0
1654,Q13637,"Q13637,P51149",2,2,0.0,2.0,0.0,-2.0
1660,Q99720,Q99720,1,2,0.0,2.0,0.0,-2.0
1661,P09936,P09936,1,2,2.0,0.0,1.0,2.0
1153,Q03154,Q03154,1,2,0.0,2.0,0.0,-2.0
1316,O14745,O14745,1,2,2.0,0.0,1.0,2.0
1646,Q08623,Q08623,1,2,0.0,2.0,0.0,-2.0
1765,P51970,P51970,1,2,2.0,0.0,1.0,2.0
16,O60494,O60494,1,2,0.0,2.0,0.0,-2.0
1672,Q9Y296,Q9Y296,1,2,0.0,2.0,0.0,-2.0
37,Q5S007,Q5S007,1,2,1.0,1.0,0.5,0.0
1151,Q13569,Q13569,1,2,0.0,2.0,0.0,-2.0
91,Q149N8,Q149N8,1,2,2.0,0.0,1.0,2.0
1774,P24666,P24666,1,2,0.0,2.0,0.0,-2.0
1775,P63279,"P63279,P49459",2,2,1.0,1.0,0.5,0.0
1093,Q96P11,Q96P11,1,2,0.0,2.0,0.0,-2.0
1634,P0C024,P0C024,1,2,0.0,2.0,0.0,-2.0
1625,Q9H3S4,Q9H3S4,1,2,2.0,0.0,1.0,2.0
1618,Q00059,Q00059,1,2,1.0,1.0,0.5,0.0
160,O75129,O75129,1,2,0.0,2.0,0.0,-2.0
1168,Q15109,Q15109,1,2,0.0,2.0,0.0,-2.0
1166,P32929,P32929,1,2,1.0,1.0,0.5,0.0
1312,O15335,O15335,1,2,0.0,2.0,0.0,-2.0
1163,Q9Y2U9,Q9Y2U9,1,2,0.0,2.0,0.0,-2.0
1644,Q9BU02,Q9BU02,1,2,0.0,2.0,0.0,-2.0
1380,P59534,P59534,1,2,0.0,2.0,0.0,-2.0
1640,Q8IWL3,Q8IWL3,1,2,0.0,2.0,0.0,-2.0
1309,Q96QE5,Q96QE5,1,2,0.0,2.0,0.0,-2.0
1776,P36639,P36639,1,2,0.0,2.0,0.0,-2.0
14,O15230,O15230,1,2,0.0,2.0,0.0,-2.0
1643,Q92730,"Q92730,O00212",2,2,0.0,2.0,0.0,-2.0
1641,P01375,P01375,1,2,0.0,2.0,0.0,-2.0
1366,Q9GZT4,Q9GZT4,1,2,0.0,2.0,0.0,-2.0
1744,P05090,P05090,1,2,0.0,2.0,0.0,-2.0
146,O15550,O15550,1,2,2.0,0.0,1.0,2.0
1717,P15018,P15018,1,2,0.0,2.0,0.0,-2.0
1328,O95299,O95299,1,2,1.0,1.0,0.5,0.0
1125,O14929,O14929,1,2,1.0,1.0,0.5,0.0
1721,P26441,P26441,1,2,0.0,2.0,0.0,-2.0
1722,Q16878,Q16878,1,2,1.0,1.0,0.5,0.0
1723,P20809,P20809,1,2,0.0,2.0,0.0,-2.0
1099,Q9Y606,Q9Y606,1,2,1.0,1.0,0.5,0.0
1727,O43745,O43745,1,2,0.0,2.0,0.0,-2.0
1120,Q01344,Q01344,1,2,0.0,2.0,0.0,-2.0
1358,Q9BQP7,Q9BQP7,1,2,1.0,1.0,0.5,0.0
1115,P09543,P09543,1,2,0.0,2.0,0.0,-2.0
1357,Q9UJ70,Q9UJ70,1,2,0.0,2.0,0.0,-2.0
1112,Q9BZE1,Q9BZE1,1,2,0.0,2.0,0.0,-2.0
152,Q9ULK4,Q9ULK4,1,2,2.0,0.0,1.0,2.0
1739,Q07812,Q07812,1,2,1.0,1.0,0.5,0.0
1745,P01563,P01563,1,2,1.0,1.0,0.5,0.0
1740,Q99828,Q99828,1,2,0.0,2.0,0.0,-2.0
1326,P27169,P27169,1,2,0.0,2.0,0.0,-2.0
100,Q13796,Q13796,1,2,0.0,2.0,0.0,-2.0
1681,P09429,P09429,1,2,1.0,1.0,0.5,0.0
1711,Q6P1K2,Q6P1K2,1,2,0.0,2.0,0.0,-2.0
1147,Q9ULX3,Q9ULX3,1,2,0.0,2.0,0.0,-2.0
143,Q86US8,Q86US8,1,2,0.0,2.0,0.0,-2.0
1096,Q14653,Q14653,1,2,0.0,2.0,0.0,-2.0
1684,Q92882,Q92882,1,2,0.0,2.0,0.0,-2.0
1688,P05231,P05231,1,2,0.0,2.0,0.0,-2.0
8,P98160,P98160,1,2,0.0,2.0,0.0,-2.0
1692,Q9UI95,Q9UI95,1,2,1.0,1.0,0.5,0.0
1365,Q9Y376,"Q9Y376,Q9H9S4",2,2,0.0,2.0,0.0,-2.0
1364,Q96C23,Q96C23,1,2,0.0,2.0,0.0,-2.0
1759,Q9UHD0,"Q9UHD0,Q9NYY1",2,2,0.0,2.0,0.0,-2.0
1602,Q9NX20,Q9NX20,1,2,0.0,2.0,0.0,-2.0
1756,P09466,P09466,1,2,0.0,2.0,0.0,-2.0
1703,P09919,P09919,1,2,0.0,2.0,0.0,-2.0
1704,Q13007,Q13007,1,2,0.0,2.0,0.0,-2.0
1136,Q9UQV4,Q9UQV4,1,2,0.0,2.0,0.0,-2.0
1135,P15151,P15151,1,2,0.0,2.0,0.0,-2.0
1707,Q9Y5Z4,Q9Y5Z4,1,2,0.0,2.0,0.0,-2.0
1361,P25105,P25105,1,2,0.0,2.0,0.0,-2.0
1266,P35247,P35247,1,2,0.0,2.0,0.0,-2.0
1392,Q13291,Q13291,1,2,0.0,2.0,0.0,-2.0
1589,P15328,P15328,1,2,0.0,2.0,0.0,-2.0
1480,Q9HBL8,Q9HBL8,1,2,0.0,2.0,0.0,-2.0
1484,Q9NWX6,Q9NWX6,1,2,0.0,2.0,0.0,-2.0
1488,Q15274,Q15274,1,2,0.0,2.0,0.0,-2.0
1489,Q9H3L0,Q9H3L0,1,2,1.0,1.0,0.5,0.0
1490,P53004,P53004,1,2,0.0,2.0,0.0,-2.0
1493,P08865,P08865,1,2,0.0,2.0,0.0,-2.0
1494,Q9P0N9,Q9P0N9,1,2,0.0,2.0,0.0,-2.0
1495,P30281,P30281,1,2,0.0,2.0,0.0,-2.0
1231,Q6NVY1,Q6NVY1,1,2,1.0,1.0,0.5,0.0
1499,P29084,P29084,1,2,0.0,2.0,0.0,-2.0
1229,P53582,P53582,1,2,0.0,2.0,0.0,-2.0
1500,Q15024,Q15024,1,2,0.0,2.0,0.0,-2.0
1418,P36873,"P36873,P67775",2,2,0.0,2.0,0.0,-2.0
65,Q92621,Q92621,1,2,0.0,2.0,0.0,-2.0
1503,O00625,O00625,1,2,0.0,2.0,0.0,-2.0
1278,Q8N3J5,Q8N3J5,1,2,0.0,2.0,0.0,-2.0
1505,Q6PHW0,Q6PHW0,1,2,0.0,2.0,0.0,-2.0
77,Q92608,Q92608,1,2,0.0,2.0,0.0,-2.0
1508,Q9GZN7,Q9GZN7,1,2,0.0,2.0,0.0,-2.0
1479,Q9H9Q4,Q9H9Q4,1,2,0.0,2.0,0.0,-2.0
1474,Q96PS8,Q96PS8,1,2,0.0,2.0,0.0,-2.0
1469,P09486,P09486,1,2,2.0,0.0,1.0,2.0
1446,Q16836,Q16836,1,2,1.0,1.0,0.5,0.0
1269,Q9NPI8,Q9NPI8,1,2,0.0,2.0,0.0,-2.0
72,Q9UPY3,Q9UPY3,1,2,1.0,1.0,0.5,0.0
1256,P26951,P26951,1,2,0.0,2.0,0.0,-2.0
1272,Q96G91,Q96G91,1,2,0.0,2.0,0.0,-2.0
1442,P0C870,P0C870,1,2,0.0,2.0,0.0,-2.0
1426,Q92820,Q92820,1,2,0.0,2.0,0.0,-2.0
1443,P05198,P05198,1,2,0.0,2.0,0.0,-2.0
114,Q96QB1,Q96QB1,1,2,0.0,2.0,0.0,-2.0
1449,Q8WWA0,Q8WWA0,1,2,0.0,2.0,0.0,-2.0
1468,Q9UBR2,Q9UBR2,1,2,0.0,2.0,0.0,-2.0
1453,O00764,O00764,1,2,0.0,2.0,0.0,-2.0
1454,Q6FI81,Q6FI81,1,2,0.0,2.0,0.0,-2.0
1248,Q96DV4,Q96DV4,1,2,0.0,2.0,0.0,-2.0
1455,Q9UJJ7,Q9UJJ7,1,2,0.0,2.0,0.0,-2.0
1456,P22748,P22748,1,2,0.0,2.0,0.0,-2.0
1458,Q9NXA8,Q9NXA8,1,2,0.0,2.0,0.0,-2.0
1091,P00505,P00505,1,2,0.0,2.0,0.0,-2.0
1462,Q14232,Q14232,1,2,2.0,0.0,1.0,2.0
1511,P46952,P46952,1,2,0.0,2.0,0.0,-2.0
1512,O60930,O60930,1,2,2.0,0.0,1.0,2.0
1216,Q9H3M7,Q9H3M7,1,2,0.0,2.0,0.0,-2.0
1563,Q9BQ65,Q9BQ65,1,2,0.0,2.0,0.0,-2.0
1191,Q8WU08,Q8WU08,1,2,1.0,1.0,0.5,0.0
1292,P52788,P52788,1,2,1.0,1.0,0.5,0.0
1190,P27930,P27930,1,2,0.0,2.0,0.0,-2.0
1399,Q9H9J2,Q9H9J2,1,2,1.0,1.0,0.5,0.0
1554,Q9BPX1,Q9BPX1,1,2,0.0,2.0,0.0,-2.0
104,O75140,O75140,1,2,1.0,1.0,0.5,0.0
1560,A4D2B0,A4D2B0,1,2,0.0,2.0,0.0,-2.0
44,P02549,P02549,1,2,0.0,2.0,0.0,-2.0
1566,P28070,P28070,1,2,0.0,2.0,0.0,-2.0
135,P43146,P43146,1,2,1.0,1.0,0.5,0.0
1569,Q969J5,Q969J5,1,2,0.0,2.0,0.0,-2.0
82,Q07157,Q07157,1,2,0.0,2.0,0.0,-2.0
138,Q12769,Q12769,1,2,0.0,2.0,0.0,-2.0
1396,Q53FA7,Q53FA7,1,2,1.0,1.0,0.5,0.0
1394,Q9NZL9,Q9NZL9,1,2,0.0,2.0,0.0,-2.0
85,P08572,P08572,1,2,0.0,2.0,0.0,-2.0
1178,O00300,O00300,1,2,1.0,1.0,0.5,0.0
1588,P12319,P12319,1,2,0.0,2.0,0.0,-2.0
1549,O43741,"O43741,Q9Y478",2,2,0.0,2.0,0.0,-2.0
1402,Q9BUD6,Q9BUD6,1,2,0.0,2.0,0.0,-2.0
1280,Q9UN36,Q9UN36,1,2,0.0,2.0,0.0,-2.0
1206,Q6IQ20,Q6IQ20,1,2,0.0,2.0,0.0,-2.0
1214,O14717,O14717,1,2,0.0,2.0,0.0,-2.0
59,O43157,O43157,1,2,1.0,1.0,0.5,0.0
1415,P08574,P08574,1,2,1.0,1.0,0.5,0.0
80,Q9Y6D5,Q9Y6D5,1,2,1.0,1.0,0.5,0.0
57,P11277,P11277,1,2,2.0,0.0,1.0,2.0
132,P09884,P09884,1,2,0.0,2.0,0.0,-2.0
96,Q9Y6N7,Q9Y6N7,1,2,0.0,2.0,0.0,-2.0
1409,P29460,P29460,1,2,0.0,2.0,0.0,-2.0
1205,Q9BWS9,Q9BWS9,1,2,0.0,2.0,0.0,-2.0
1543,P13598,P13598,1,2,0.0,2.0,0.0,-2.0
1408,Q9UBQ7,Q9UBQ7,1,2,0.0,2.0,0.0,-2.0
1533,Q16740,Q16740,1,2,1.0,1.0,0.5,0.0
1537,Q96B26,Q96B26,1,2,1.0,1.0,0.5,0.0
109,O60486,O60486,1,2,0.0,2.0,0.0,-2.0
1203,Q5T8I9,Q5T8I9,1,2,0.0,2.0,0.0,-2.0
1201,O75521,O75521,1,2,0.0,2.0,0.0,-2.0
1199,Q13888,Q13888,1,2,0.0,2.0,0.0,-2.0
1196,Q9H5Q4,Q9H5Q4,1,2,0.0,2.0,0.0,-2.0
388,Q96F46,Q96F46,1,2,0.0,2.0,0.0,-2.0
1777,Q9BVJ7,Q9BVJ7,1,2,0.0,2.0,0.0,-2.0
1090,Q7RTN6,Q7RTN6,1,2,0.0,2.0,0.0,-2.0
768,Q9BRS2,Q9BRS2,1,2,0.0,2.0,0.0,-2.0
935,Q9UNF0,Q9UNF0,1,2,0.0,2.0,0.0,-2.0
770,O43189,O43189,1,2,0.0,2.0,0.0,-2.0
475,Q6P3S1,Q6P3S1,1,2,0.0,2.0,0.0,-2.0
476,P47897,P47897,1,2,2.0,0.0,1.0,2.0
477,Q6PCD5,Q6PCD5,1,2,0.0,2.0,0.0,-2.0
776,Q8WYA6,Q8WYA6,1,2,0.0,2.0,0.0,-2.0
480,P05067,"P05067,P51693",2,2,0.0,2.0,0.0,-2.0
778,Q9Y6K8,"Q9Y6K8,P00568",2,2,0.0,2.0,0.0,-2.0
261,O75385,O75385,1,2,0.0,2.0,0.0,-2.0
369,Q8IVH8,"Q8IVH8,Q92918",2,2,0.0,2.0,0.0,-2.0
329,O14936,"O14936,Q00013",2,2,1.0,1.0,0.5,0.0
914,Q9NXN4,Q9NXN4,1,2,0.0,2.0,0.0,-2.0
913,O60729,O60729,1,2,0.0,2.0,0.0,-2.0
912,Q8WWY3,Q8WWY3,1,2,1.0,1.0,0.5,0.0
780,P49902,P49902,1,2,0.0,2.0,0.0,-2.0
783,O75914,"O75914,Q13153",2,2,1.0,1.0,0.5,0.0
911,Q12834,Q12834,1,2,0.0,2.0,0.0,-2.0
784,P35052,P35052,1,2,1.0,1.0,0.5,0.0
367,P32927,P32927,1,2,0.0,2.0,0.0,-2.0
366,Q8NI77,Q8NI77,1,2,0.0,2.0,0.0,-2.0
788,P17181,P17181,1,2,0.0,2.0,0.0,-2.0
937,Q9UHN1,Q9UHN1,1,2,1.0,1.0,0.5,0.0
468,P19447,P19447,1,2,1.0,1.0,0.5,0.0
749,P28039,P28039,1,2,0.0,2.0,0.0,-2.0
767,O95470,O95470,1,2,2.0,0.0,1.0,2.0
604,Q96EP1,Q96EP1,1,2,1.0,1.0,0.5,0.0
198,Q15393,Q15393,1,2,0.0,2.0,0.0,-2.0
603,Q14807,Q14807,1,2,2.0,0.0,1.0,2.0
453,P09958,P09958,1,2,1.0,1.0,0.5,0.0
199,P55201,P55201,1,2,2.0,0.0,1.0,2.0
200,Q9UNS1,Q9UNS1,1,2,1.0,1.0,0.5,0.0
455,P23921,P23921,1,2,0.0,2.0,0.0,-2.0
202,Q9HAV4,Q9HAV4,1,2,0.0,2.0,0.0,-2.0
203,Q6P1X5,Q6P1X5,1,2,0.0,2.0,0.0,-2.0
958,O75688,"O75688,P35813",2,2,0.0,2.0,0.0,-2.0
456,Q8WXE1,Q8WXE1,1,2,0.0,2.0,0.0,-2.0
457,Q9HAQ2,Q9HAQ2,1,2,0.0,2.0,0.0,-2.0
596,O76094,O76094,1,2,0.0,2.0,0.0,-2.0
757,Q07866,Q07866,1,2,0.0,2.0,0.0,-2.0
458,Q09161,Q09161,1,2,0.0,2.0,0.0,-2.0
950,P11172,P11172,1,2,0.0,2.0,0.0,-2.0
949,P31930,P31930,1,2,0.0,2.0,0.0,-2.0
758,P10809,P10809,1,2,1.0,1.0,0.5,0.0
374,Q3SYG4,Q3SYG4,1,2,0.0,2.0,0.0,-2.0
762,Q96AY2,Q96AY2,1,2,0.0,2.0,0.0,-2.0
766,Q8TBZ3,Q8TBZ3,1,2,0.0,2.0,0.0,-2.0
256,P52732,P52732,1,2,2.0,0.0,1.0,2.0
331,O95786,O95786,1,2,0.0,2.0,0.0,-2.0
895,Q15750,Q15750,1,2,0.0,2.0,0.0,-2.0
226,Q9UPN9,Q9UPN9,1,2,1.0,1.0,0.5,0.0
565,Q9H0J9,Q9H0J9,1,2,0.0,2.0,0.0,-2.0
857,Q9BYI3,Q9BYI3,1,2,1.0,1.0,0.5,0.0
534,Q99661,Q99661,1,2,0.0,2.0,0.0,-2.0
535,P08238,P08238,1,2,0.0,2.0,0.0,-2.0
561,Q12931,Q12931,1,2,0.0,2.0,0.0,-2.0
853,P37198,P37198,1,2,0.0,2.0,0.0,-2.0
558,Q9H4Z3,Q9H4Z3,1,2,0.0,2.0,0.0,-2.0
557,Q969R5,Q969R5,1,2,0.0,2.0,0.0,-2.0
539,Q9NZQ3,Q9NZQ3,1,2,0.0,2.0,0.0,-2.0
848,Q9BZZ5,Q9BZZ5,1,2,0.0,2.0,0.0,-2.0
844,P54577,P54577,1,2,1.0,1.0,0.5,0.0
842,P16662,P16662,1,2,0.0,2.0,0.0,-2.0
836,Q9H816,Q9H816,1,2,0.0,2.0,0.0,-2.0
337,A0FGR8,A0FGR8,1,2,0.0,2.0,0.0,-2.0
816,P48643,P48643,1,2,1.0,1.0,0.5,0.0
245,Q96PY5,Q96PY5,1,2,0.0,2.0,0.0,-2.0
543,Q9UH99,Q9UH99,1,2,0.0,2.0,0.0,-2.0
549,P48147,P48147,1,2,0.0,2.0,0.0,-2.0
247,P56524,P56524,1,2,1.0,1.0,0.5,0.0
823,Q9HBE5,Q9HBE5,1,2,1.0,1.0,0.5,0.0
340,P39086,"P39086,Q13002",2,2,0.0,2.0,0.0,-2.0
566,Q16820,Q16820,1,2,0.0,2.0,0.0,-2.0
525,P13010,P13010,1,2,0.0,2.0,0.0,-2.0
863,Q70CQ3,Q70CQ3,1,2,0.0,2.0,0.0,-2.0
799,P19525,P19525,1,2,0.0,2.0,0.0,-2.0
504,Q96EB6,Q96EB6,1,2,0.0,2.0,0.0,-2.0
891,Q13217,Q13217,1,2,0.0,2.0,0.0,-2.0
333,P57740,P57740,1,2,1.0,1.0,0.5,0.0
795,Q9BZE9,Q9BZE9,1,2,0.0,2.0,0.0,-2.0
888,Q96KN2,"Q96KN2,Q96KP4",2,2,0.0,2.0,0.0,-2.0
887,Q9NQH7,Q9NQH7,1,2,1.0,1.0,0.5,0.0
886,Q9Y285,Q9Y285,1,2,0.0,2.0,0.0,-2.0
255,P22314,P22314,1,2,1.0,1.0,0.5,0.0
884,P54868,P54868,1,2,2.0,0.0,1.0,2.0
877,P49257,P49257,1,2,1.0,1.0,0.5,0.0
567,Q96QV1,Q96QV1,1,2,0.0,2.0,0.0,-2.0
510,O15119,O15119,1,2,2.0,0.0,1.0,2.0
254,Q9UPP1,"Q9UPP1,Q6ZMT4",2,2,1.0,1.0,0.5,0.0
235,P80192,"P80192,Q5TCX8",2,2,1.0,1.0,0.5,0.0
804,Q6ZMI3,Q6ZMI3,1,2,1.0,1.0,0.5,0.0
806,Q9NQS3,Q9NQS3,1,2,0.0,2.0,0.0,-2.0
807,Q6P5Q4,"Q6P5Q4,P28289",2,2,0.0,2.0,0.0,-2.0
350,Q17RS7,Q17RS7,1,2,0.0,2.0,0.0,-2.0
518,O60568,O60568,1,2,0.0,2.0,0.0,-2.0
238,P42702,P42702,1,2,1.0,1.0,0.5,0.0
450,P54886,P54886,1,2,1.0,1.0,0.5,0.0
825,P17643,P17643,1,2,0.0,2.0,0.0,-2.0
414,O75173,O75173,1,2,0.0,2.0,0.0,-2.0
1011,P13489,P13489,1,2,0.0,2.0,0.0,-2.0
1066,Q9NP92,Q9NP92,1,2,0.0,2.0,0.0,-2.0
302,O94804,O94804,1,2,1.0,1.0,0.5,0.0
178,O95487,"O95487,O95486",2,2,0.0,2.0,0.0,-2.0
281,P14735,P14735,1,2,0.0,2.0,0.0,-2.0
638,P13667,"P13667,P30101",2,2,0.0,2.0,0.0,-2.0
636,P30291,"P30291,P0C1S8",2,2,0.0,2.0,0.0,-2.0
425,P24394,P24394,1,2,0.0,2.0,0.0,-2.0
662,P50895,P50895,1,2,0.0,2.0,0.0,-2.0
717,P32455,P32455,1,2,0.0,2.0,0.0,-2.0
1024,P35790,P35790,1,2,0.0,2.0,0.0,-2.0
404,P42226,P42226,1,2,0.0,2.0,0.0,-2.0
1023,Q8N142,"Q8N142,P30520",2,2,1.0,1.0,0.5,0.0
1020,Q9BVA6,Q9BVA6,1,2,0.0,2.0,0.0,-2.0
1019,P01730,P01730,1,2,0.0,2.0,0.0,-2.0
1015,Q9NWU1,Q9NWU1,1,2,1.0,1.0,0.5,0.0
661,Q9Y6X2,"Q9Y6X2,O75928",2,2,0.0,2.0,0.0,-2.0
167,Q92878,Q92878,1,2,0.0,2.0,0.0,-2.0
690,Q9H9F9,Q9H9F9,1,2,0.0,2.0,0.0,-2.0
645,P50542,P50542,1,2,2.0,0.0,1.0,2.0
299,Q86UT6,Q86UT6,1,2,0.0,2.0,0.0,-2.0
702,Q14181,Q14181,1,2,0.0,2.0,0.0,-2.0
172,Q15047,Q15047,1,2,0.0,2.0,0.0,-2.0
657,Q86TM3,Q86TM3,1,2,0.0,2.0,0.0,-2.0
1058,O43614,"O43614,O43613",2,2,0.0,2.0,0.0,-2.0
1051,Q96I15,Q96I15,1,2,0.0,2.0,0.0,-2.0
413,O15394,O15394,1,2,0.0,2.0,0.0,-2.0
691,Q676U5,Q676U5,1,2,0.0,2.0,0.0,-2.0
1048,Q9NP56,Q9NP56,1,2,0.0,2.0,0.0,-2.0
660,Q5VWK5,Q5VWK5,1,2,0.0,2.0,0.0,-2.0
606,P47736,P47736,1,2,1.0,1.0,0.5,0.0
1063,Q13093,Q13093,1,2,1.0,1.0,0.5,0.0
1043,Q9BSI4,Q9BSI4,1,2,0.0,2.0,0.0,-2.0
708,Q96AX1,Q96AX1,1,2,1.0,1.0,0.5,0.0
426,Q9UDY8,Q9UDY8,1,2,0.0,2.0,0.0,-2.0
635,P10515,P10515,1,2,0.0,2.0,0.0,-2.0
682,P27694,P27694,1,2,0.0,2.0,0.0,-2.0
1072,Q15118,Q15118,1,2,0.0,2.0,0.0,-2.0
440,Q9UJX5,Q9UJX5,1,2,1.0,1.0,0.5,0.0
193,Q86VP6,Q86VP6,1,2,0.0,2.0,0.0,-2.0
612,P57075,"P57075,Q8TF42",2,2,0.0,2.0,0.0,-2.0
377,Q14974,Q14974,1,2,0.0,2.0,0.0,-2.0
395,Q92854,Q92854,1,2,0.0,2.0,0.0,-2.0
742,Q9Y5A9,"Q9Y5A9,Q9BYJ9",2,2,0.0,2.0,0.0,-2.0
291,P36888,P36888,1,2,0.0,2.0,0.0,-2.0
1075,Q8N2I9,Q8N2I9,1,2,2.0,0.0,1.0,2.0
396,Q13415,Q13415,1,2,0.0,2.0,0.0,-2.0
999,Q9NQG6,Q9NQG6,1,2,0.0,2.0,0.0,-2.0
397,Q9H9G7,"Q9H9G7,Q9UL18",2,2,1.0,1.0,0.5,0.0
732,P29353,P29353,1,2,0.0,2.0,0.0,-2.0
653,Q06787,Q06787,1,2,1.0,1.0,0.5,0.0
684,O95831,O95831,1,2,2.0,0.0,1.0,2.0
1010,Q16602,Q16602,1,2,0.0,2.0,0.0,-2.0
725,Q9UHD8,"Q9UHD8,Q9UH03",2,2,0.0,2.0,0.0,-2.0
1009,P20333,P20333,1,2,0.0,2.0,0.0,-2.0
166,Q96RG2,Q96RG2,1,2,0.0,2.0,0.0,-2.0
658,Q14258,Q14258,1,1,0.0,1.0,0.0,-1.0
574,Q9NR80,Q9NR80,1,1,1.0,0.0,1.0,1.0
1570,P25786,P25786,1,1,0.0,1.0,0.0,-1.0
1498,Q5SRE7,Q5SRE7,1,1,0.0,1.0,0.0,-1.0
1491,Q99836,Q99836,1,1,1.0,0.0,1.0,1.0
1575,Q9BZX2,Q9BZX2,1,1,0.0,1.0,0.0,-1.0
572,P49418,P49418,1,1,0.0,1.0,0.0,-1.0
1496,P28845,P28845,1,1,1.0,0.0,1.0,1.0
1591,O00584,O00584,1,1,0.0,1.0,0.0,-1.0
673,P29401,P29401,1,1,0.0,1.0,0.0,-1.0
294,Q8N960,Q8N960,1,1,0.0,1.0,0.0,-1.0
1483,O00560,O00560,1,1,0.0,1.0,0.0,-1.0
1581,Q9H6Q3,Q9H6Q3,1,1,0.0,1.0,0.0,-1.0
552,Q08945,Q08945,1,1,0.0,1.0,0.0,-1.0
551,Q9UKG1,Q9UKG1,1,1,0.0,1.0,0.0,-1.0
671,Q9H981,Q9H981,1,1,0.0,1.0,0.0,-1.0
1571,Q86VU5,Q86VU5,1,1,0.0,1.0,0.0,-1.0
1486,P25325,P25325,1,1,0.0,1.0,0.0,-1.0
666,Q9H9A7,Q9H9A7,1,1,0.0,1.0,0.0,-1.0
663,Q9UBL3,Q9UBL3,1,1,0.0,1.0,0.0,-1.0
1572,Q9Y657,Q9Y657,1,1,0.0,1.0,0.0,-1.0
1578,P35270,P35270,1,1,1.0,0.0,1.0,1.0
1582,Q6NS38,Q6NS38,1,1,0.0,1.0,0.0,-1.0
1574,Q7Z7H8,Q7Z7H8,1,1,0.0,1.0,0.0,-1.0
668,Q6ISB3,Q6ISB3,1,1,0.0,1.0,0.0,-1.0
1586,P07738,P07738,1,1,1.0,0.0,1.0,1.0
1487,Q6P1N9,Q6P1N9,1,1,0.0,1.0,0.0,-1.0
1585,Q9H0R4,Q9H0R4,1,1,0.0,1.0,0.0,-1.0
672,Q9Y5P4,Q9Y5P4,1,1,0.0,1.0,0.0,-1.0
564,A9YTQ3,A9YTQ3,1,1,0.0,1.0,0.0,-1.0
1536,P25942,P25942,1,1,0.0,1.0,0.0,-1.0
654,Q8IUH5,Q8IUH5,1,1,0.0,1.0,0.0,-1.0
61,Q14676,Q14676,1,1,0.0,1.0,0.0,-1.0
307,Q2M2I8,Q2M2I8,1,1,0.0,1.0,0.0,-1.0
591,Q9BW19,Q9BW19,1,1,0.0,1.0,0.0,-1.0
319,O94906,O94906,1,1,0.0,1.0,0.0,-1.0
1547,Q96DN0,Q96DN0,1,1,0.0,1.0,0.0,-1.0
1546,Q9NTM9,Q9NTM9,1,1,1.0,0.0,1.0,1.0
311,Q9Y2L1,Q9Y2L1,1,1,0.0,1.0,0.0,-1.0
1523,Q8IYS5,Q8IYS5,1,1,0.0,1.0,0.0,-1.0
1524,P10768,P10768,1,1,0.0,1.0,0.0,-1.0
56,Q13459,Q13459,1,1,0.0,1.0,0.0,-1.0
620,Q9BW27,Q9BW27,1,1,0.0,1.0,0.0,-1.0
1593,P38117,P38117,1,1,0.0,1.0,0.0,-1.0
1527,Q96IY1,Q96IY1,1,1,0.0,1.0,0.0,-1.0
599,Q6MZZ7,Q6MZZ7,1,1,0.0,1.0,0.0,-1.0
312,Q8NFP4,Q8NFP4,1,1,0.0,1.0,0.0,-1.0
600,O94925,O94925,1,1,0.0,1.0,0.0,-1.0
1529,O14893,O14893,1,1,0.0,1.0,0.0,-1.0
313,Q99460,Q99460,1,1,0.0,1.0,0.0,-1.0
315,Q99558,Q99558,1,1,0.0,1.0,0.0,-1.0
602,O75326,O75326,1,1,0.0,1.0,0.0,-1.0
608,Q14392,Q14392,1,1,0.0,1.0,0.0,-1.0
317,O00408,O00408,1,1,0.0,1.0,0.0,-1.0
49,Q9UMZ3,Q9UMZ3,1,1,0.0,1.0,0.0,-1.0
318,O75899,O75899,1,1,0.0,1.0,0.0,-1.0
1550,Q9BWP8,Q9BWP8,1,1,0.0,1.0,0.0,-1.0
304,O60716,O60716,1,1,0.0,1.0,0.0,-1.0
590,Q8N3R9,Q8N3R9,1,1,0.0,1.0,0.0,-1.0
1559,P15428,P15428,1,1,0.0,1.0,0.0,-1.0
646,P08240,P08240,1,1,0.0,1.0,0.0,-1.0
1506,Q96FX7,Q96FX7,1,1,0.0,1.0,0.0,-1.0
332,Q13469,Q13469,1,1,0.0,1.0,0.0,-1.0
644,Q9UBT2,Q9UBT2,1,1,0.0,1.0,0.0,-1.0
1565,P61247,P61247,1,1,0.0,1.0,0.0,-1.0
1564,Q5VZV1,Q5VZV1,1,1,0.0,1.0,0.0,-1.0
578,Q9UKF6,Q9UKF6,1,1,0.0,1.0,0.0,-1.0
579,P81274,P81274,1,1,0.0,1.0,0.0,-1.0
1509,Q53TN4,Q53TN4,1,1,0.0,1.0,0.0,-1.0
581,O43395,O43395,1,1,1.0,0.0,1.0,1.0
330,O60308,O60308,1,1,0.0,1.0,0.0,-1.0
324,P06401,P06401,1,1,0.0,1.0,0.0,-1.0
1510,Q96Q83,Q96Q83,1,1,0.0,1.0,0.0,-1.0
641,Q9H611,Q9H611,1,1,0.0,1.0,0.0,-1.0
640,O14777,O14777,1,1,0.0,1.0,0.0,-1.0
60,P35658,P35658,1,1,1.0,0.0,1.0,1.0
1514,O94760,O94760,1,1,0.0,1.0,0.0,-1.0
45,Q9H4A3,Q9H4A3,1,1,1.0,0.0,1.0,1.0
1518,Q13126,Q13126,1,1,0.0,1.0,0.0,-1.0
1555,P78346,P78346,1,1,0.0,1.0,0.0,-1.0
327,Q9Y5G1,Q9Y5G1,1,1,0.0,1.0,0.0,-1.0
1553,O95760,O95760,1,1,0.0,1.0,0.0,-1.0
598,Q9NVP1,Q9NVP1,1,1,0.0,1.0,0.0,-1.0
1628,Q6ZMJ4,Q6ZMJ4,1,1,0.0,1.0,0.0,-1.0
1594,Q9H4M3,Q9H4M3,1,1,0.0,1.0,0.0,-1.0
1714,Q9Y294,Q9Y294,1,1,0.0,1.0,0.0,-1.0
433,P51795,P51795,1,1,1.0,0.0,1.0,1.0
431,Q13443,Q13443,1,1,0.0,1.0,0.0,-1.0
1718,P02753,P02753,1,1,1.0,0.0,1.0,1.0
378,Q9BXP5,Q9BXP5,1,1,0.0,1.0,0.0,-1.0
1720,Q8TCD5,Q8TCD5,1,1,0.0,1.0,0.0,-1.0
379,O76074,O76074,1,1,0.0,1.0,0.0,-1.0
427,P30260,P30260,1,1,0.0,1.0,0.0,-1.0
1724,O14508,O14508,1,1,0.0,1.0,0.0,-1.0
1725,P80188,P80188,1,1,0.0,1.0,0.0,-1.0
1726,Q53FT3,Q53FT3,1,1,0.0,1.0,0.0,-1.0
1728,Q8IZI9,Q8IZI9,1,1,0.0,1.0,0.0,-1.0
1729,Q9Y3B2,Q9Y3B2,1,1,0.0,1.0,0.0,-1.0
424,O75815,O75815,1,1,0.0,1.0,0.0,-1.0
423,Q9BQI5,Q9BQI5,1,1,0.0,1.0,0.0,-1.0
1732,Q9BY32,Q9BY32,1,1,0.0,1.0,0.0,-1.0
1715,P05452,P05452,1,1,0.0,1.0,0.0,-1.0
1713,Q7Z4H3,Q7Z4H3,1,1,0.0,1.0,0.0,-1.0
1734,P51965,P51965,1,1,0.0,1.0,0.0,-1.0
1712,Q96CD2,Q96CD2,1,1,0.0,1.0,0.0,-1.0
454,Q96T88,Q96T88,1,1,0.0,1.0,0.0,-1.0
452,Q9Y263,Q9Y263,1,1,1.0,0.0,1.0,1.0
1696,Q96IU4,Q96IU4,1,1,0.0,1.0,0.0,-1.0
1697,P19388,P19388,1,1,0.0,1.0,0.0,-1.0
451,Q9P0L2,Q9P0L2,1,1,1.0,0.0,1.0,1.0
1700,Q99627,Q99627,1,1,0.0,1.0,0.0,-1.0
1701,P62241,P62241,1,1,0.0,1.0,0.0,-1.0
446,Q8TF76,Q8TF76,1,1,0.0,1.0,0.0,-1.0
438,Q8IWT6,Q8IWT6,1,1,0.0,1.0,0.0,-1.0
1705,P30043,P30043,1,1,0.0,1.0,0.0,-1.0
1706,Q9NWU5,Q9NWU5,1,1,0.0,1.0,0.0,-1.0
1708,Q96HA8,Q96HA8,1,1,0.0,1.0,0.0,-1.0
1709,P49720,P49720,1,1,0.0,1.0,0.0,-1.0
1710,Q9H081,Q9H081,1,1,0.0,1.0,0.0,-1.0
435,P55884,P55884,1,1,0.0,1.0,0.0,-1.0
1733,P46781,P46781,1,1,1.0,0.0,1.0,1.0
419,Q13263,Q13263,1,1,0.0,1.0,0.0,-1.0
40,Q12923,Q12923,1,1,0.0,1.0,0.0,-1.0
384,Q9Y678,Q9Y678,1,1,0.0,1.0,0.0,-1.0
1758,P62913,P62913,1,1,1.0,0.0,1.0,1.0
1760,Q9BRG1,Q9BRG1,1,1,0.0,1.0,0.0,-1.0
402,Q96RS0,Q96RS0,1,1,0.0,1.0,0.0,-1.0
1762,Q16548,Q16548,1,1,0.0,1.0,0.0,-1.0
400,P33981,P33981,1,1,0.0,1.0,0.0,-1.0
1764,P13693,P13693,1,1,0.0,1.0,0.0,-1.0
398,P13591,P13591,1,1,0.0,1.0,0.0,-1.0
1766,Q96F10,Q96F10,1,1,0.0,1.0,0.0,-1.0
1767,Q13232,Q13232,1,1,0.0,1.0,0.0,-1.0
1769,Q9Y3C8,Q9Y3C8,1,1,0.0,1.0,0.0,-1.0
1771,P05161,P05161,1,1,0.0,1.0,0.0,-1.0
1772,Q9NV35,Q9NV35,1,1,0.0,1.0,0.0,-1.0
386,Q9UBT6,Q9UBT6,1,1,0.0,1.0,0.0,-1.0
393,P11171,P11171,1,1,0.0,1.0,0.0,-1.0
390,Q9BXJ9,Q9BXJ9,1,1,0.0,1.0,0.0,-1.0
1757,Q9Y6M9,Q9Y6M9,1,1,0.0,1.0,0.0,-1.0
1755,Q9Y221,Q9Y221,1,1,1.0,0.0,1.0,1.0
1736,P84074,P84074,1,1,0.0,1.0,0.0,-1.0
4,Q9NR09,Q9NR09,1,1,0.0,1.0,0.0,-1.0
381,Q9H8M5,Q9H8M5,1,1,0.0,1.0,0.0,-1.0
1738,Q15126,Q15126,1,1,0.0,1.0,0.0,-1.0
1741,P41222,P41222,1,1,0.0,1.0,0.0,-1.0
1742,Q9BSD7,Q9BSD7,1,1,0.0,1.0,0.0,-1.0
383,Q9H6E5,Q9H6E5,1,1,0.0,1.0,0.0,-1.0
410,Q9NP58,Q9NP58,1,1,0.0,1.0,0.0,-1.0
409,Q8NE71,Q8NE71,1,1,0.0,1.0,0.0,-1.0
1746,P30086,P30086,1,1,0.0,1.0,0.0,-1.0
1747,P01574,P01574,1,1,1.0,0.0,1.0,1.0
408,P15498,P15498,1,1,0.0,1.0,0.0,-1.0
1749,Q9UM13,Q9UM13,1,1,0.0,1.0,0.0,-1.0
1750,Q9NRW4,Q9NRW4,1,1,0.0,1.0,0.0,-1.0
1751,Q04760,Q04760,1,1,0.0,1.0,0.0,-1.0
1752,Q13951,Q13951,1,1,0.0,1.0,0.0,-1.0
1753,Q9ULC4,Q9ULC4,1,1,0.0,1.0,0.0,-1.0
1691,Q96LD8,Q96LD8,1,1,0.0,1.0,0.0,-1.0
1690,Q9BUL8,Q9BUL8,1,1,0.0,1.0,0.0,-1.0
1687,O75251,O75251,1,1,1.0,0.0,1.0,1.0
533,Q8NBF2,Q8NBF2,1,1,0.0,1.0,0.0,-1.0
528,O60583,O60583,1,1,0.0,1.0,0.0,-1.0
524,Q9NQX3,Q9NQX3,1,1,0.0,1.0,0.0,-1.0
349,Q7KZF4,Q7KZF4,1,1,0.0,1.0,0.0,-1.0
521,Q92786,Q92786,1,1,0.0,1.0,0.0,-1.0
517,Q15022,Q15022,1,1,0.0,1.0,0.0,-1.0
512,P16070,P16070,1,1,0.0,1.0,0.0,-1.0
675,P16471,P16471,1,1,0.0,1.0,0.0,-1.0
1629,P20618,P20618,1,1,0.0,1.0,0.0,-1.0
1630,P08294,P08294,1,1,0.0,1.0,0.0,-1.0
1631,P54819,P54819,1,1,0.0,1.0,0.0,-1.0
1632,Q9NR28,Q9NR28,1,1,1.0,0.0,1.0,1.0
352,P78344,P78344,1,1,0.0,1.0,0.0,-1.0
508,Q13617,Q13617,1,1,0.0,1.0,0.0,-1.0
505,Q13835,Q13835,1,1,0.0,1.0,0.0,-1.0
1637,Q9BQ50,Q9BQ50,1,1,0.0,1.0,0.0,-1.0
344,P26045,P26045,1,1,0.0,1.0,0.0,-1.0
36,Q15652,Q15652,1,1,0.0,1.0,0.0,-1.0
1686,Q9BQB4,Q9BQB4,1,1,1.0,0.0,1.0,1.0
1613,P62753,P62753,1,1,0.0,1.0,0.0,-1.0
1596,P02746,P02746,1,1,1.0,0.0,1.0,1.0
545,Q8IUC6,Q8IUC6,1,1,0.0,1.0,0.0,-1.0
1598,P13725,P13725,1,1,0.0,1.0,0.0,-1.0
1599,Q9NRX1,Q9NRX1,1,1,0.0,1.0,0.0,-1.0
1600,Q9BSH5,Q9BSH5,1,1,0.0,1.0,0.0,-1.0
1601,O95150,O95150,1,1,0.0,1.0,0.0,-1.0
541,Q96NI6,Q96NI6,1,1,0.0,1.0,0.0,-1.0
1604,P17931,P17931,1,1,0.0,1.0,0.0,-1.0
1605,Q9HD33,Q9HD33,1,1,0.0,1.0,0.0,-1.0
342,O60502,O60502,1,1,0.0,1.0,0.0,-1.0
537,P26639,P26639,1,1,0.0,1.0,0.0,-1.0
1609,P13984,P13984,1,1,0.0,1.0,0.0,-1.0
536,Q9NZ52,Q9NZ52,1,1,0.0,1.0,0.0,-1.0
1611,Q8WV92,Q8WV92,1,1,0.0,1.0,0.0,-1.0
1612,P19404,P19404,1,1,0.0,1.0,0.0,-1.0
1638,O95833,O95833,1,1,0.0,1.0,0.0,-1.0
1639,Q9NQT4,Q9NQT4,1,1,0.0,1.0,0.0,-1.0
357,Q12959,Q12959,1,1,0.0,1.0,0.0,-1.0
358,Q8TDY4,Q8TDY4,1,1,1.0,0.0,1.0,1.0
1666,Q9BT30,Q9BT30,1,1,0.0,1.0,0.0,-1.0
474,O14964,O14964,1,1,0.0,1.0,0.0,-1.0
1670,Q9UKK9,Q9UKK9,1,1,0.0,1.0,0.0,-1.0
472,Q96JM7,Q96JM7,1,1,0.0,1.0,0.0,-1.0
471,Q9NR71,Q9NR71,1,1,0.0,1.0,0.0,-1.0
465,O60603,O60603,1,1,0.0,1.0,0.0,-1.0
373,P04035,P04035,1,1,0.0,1.0,0.0,-1.0
1676,Q9UBQ5,Q9UBQ5,1,1,0.0,1.0,0.0,-1.0
1677,P28676,P28676,1,1,0.0,1.0,0.0,-1.0
9,Q7Z6Z7,Q7Z6Z7,1,1,1.0,0.0,1.0,1.0
462,Q9H9E3,Q9H9E3,1,1,1.0,0.0,1.0,1.0
1680,P62826,P62826,1,1,0.0,1.0,0.0,-1.0
1682,P67870,P67870,1,1,0.0,1.0,0.0,-1.0
460,Q99835,Q99835,1,1,0.0,1.0,0.0,-1.0
1685,Q9UKL6,Q9UKL6,1,1,0.0,1.0,0.0,-1.0
478,Q9Y4K0,Q9Y4K0,1,1,0.0,1.0,0.0,-1.0
19,P24043,P24043,1,1,0.0,1.0,0.0,-1.0
1662,Q9BRT9,Q9BRT9,1,1,0.0,1.0,0.0,-1.0
489,Q13627,Q13627,1,1,0.0,1.0,0.0,-1.0
359,Q9BVN2,Q9BVN2,1,1,0.0,1.0,0.0,-1.0
494,Q12797,Q12797,1,1,0.0,1.0,0.0,-1.0
1645,Q9H867,Q9H867,1,1,0.0,1.0,0.0,-1.0
365,Q00653,Q00653,1,1,0.0,1.0,0.0,-1.0
1647,P22061,P22061,1,1,0.0,1.0,0.0,-1.0
1648,Q9Y2Q3,Q9Y2Q3,1,1,0.0,1.0,0.0,-1.0
488,P01833,P01833,1,1,0.0,1.0,0.0,-1.0
370,Q9NQV7,Q9NQV7,1,1,0.0,1.0,0.0,-1.0
22,Q8NFP9,Q8NFP9,1,1,0.0,1.0,0.0,-1.0
368,Q14118,Q14118,1,1,1.0,0.0,1.0,1.0
1655,O75934,O75934,1,1,1.0,0.0,1.0,1.0
483,Q15436,Q15436,1,1,0.0,1.0,0.0,-1.0
1658,Q6P587,Q6P587,1,1,0.0,1.0,0.0,-1.0
1659,Q9Y235,Q9Y235,1,1,0.0,1.0,0.0,-1.0
1482,P50053,P50053,1,1,0.0,1.0,0.0,-1.0
718,P17812,P17812,1,1,0.0,1.0,0.0,-1.0
678,O43663,O43663,1,1,0.0,1.0,0.0,-1.0
129,P02461,P02461,1,1,0.0,1.0,0.0,-1.0
206,Q9P2F6,Q9P2F6,1,1,0.0,1.0,0.0,-1.0
1217,P43115,P43115,1,1,0.0,1.0,0.0,-1.0
943,P52209,P52209,1,1,0.0,1.0,0.0,-1.0
942,P49840,P49840,1,1,0.0,1.0,0.0,-1.0
941,P34896,P34896,1,1,0.0,1.0,0.0,-1.0
128,Q9C000,Q9C000,1,1,0.0,1.0,0.0,-1.0
210,P11498,P11498,1,1,1.0,0.0,1.0,1.0
211,P30876,P30876,1,1,0.0,1.0,0.0,-1.0
212,Q6PD62,Q6PD62,1,1,0.0,1.0,0.0,-1.0
1225,P36575,P36575,1,1,0.0,1.0,0.0,-1.0
1226,Q9UKT5,Q9UKT5,1,1,1.0,0.0,1.0,1.0
1227,Q86V24,Q86V24,1,1,0.0,1.0,0.0,-1.0
123,O60306,O60306,1,1,0.0,1.0,0.0,-1.0
214,P48357,P48357,1,1,0.0,1.0,0.0,-1.0
1232,P26378,P26378,1,1,0.0,1.0,0.0,-1.0
952,Q9H1P3,Q9H1P3,1,1,0.0,1.0,0.0,-1.0
954,Q9UGM1,Q9UGM1,1,1,0.0,1.0,0.0,-1.0
679,Q96FE5,Q96FE5,1,1,0.0,1.0,0.0,-1.0
131,Q6ZNL6,Q6ZNL6,1,1,0.0,1.0,0.0,-1.0
981,P23381,P23381,1,1,0.0,1.0,0.0,-1.0
979,Q6PHR2,Q6PHR2,1,1,0.0,1.0,0.0,-1.0
977,Q96MU8,Q96MU8,1,1,1.0,0.0,1.0,1.0
975,P02774,P02774,1,1,0.0,1.0,0.0,-1.0
136,Q9NTI5,Q9NTI5,1,1,0.0,1.0,0.0,-1.0
195,P20020,P20020,1,1,0.0,1.0,0.0,-1.0
1195,Q9NTK5,Q9NTK5,1,1,1.0,0.0,1.0,1.0
134,Q9HAR2,Q9HAR2,1,1,0.0,1.0,0.0,-1.0
970,O43818,O43818,1,1,1.0,0.0,1.0,1.0
1200,Q6UXV0,Q6UXV0,1,1,1.0,0.0,1.0,1.0
967,O75844,O75844,1,1,0.0,1.0,0.0,-1.0
205,Q99490,Q99490,1,1,0.0,1.0,0.0,-1.0
956,Q9BTU6,Q9BTU6,1,1,0.0,1.0,0.0,-1.0
1208,P49903,P49903,1,1,0.0,1.0,0.0,-1.0
955,Q9UBD6,Q9UBD6,1,1,0.0,1.0,0.0,-1.0
1233,P35613,P35613,1,1,0.0,1.0,0.0,-1.0
933,P35367,P35367,1,1,0.0,1.0,0.0,-1.0
932,P35408,P35408,1,1,0.0,1.0,0.0,-1.0
215,Q9Y2K7,Q9Y2K7,1,1,0.0,1.0,0.0,-1.0
1259,Q16795,Q16795,1,1,1.0,0.0,1.0,1.0
223,Q9Y2H2,Q9Y2H2,1,1,0.0,1.0,0.0,-1.0
1261,P08571,P08571,1,1,0.0,1.0,0.0,-1.0
225,O75717,O75717,1,1,0.0,1.0,0.0,-1.0
113,O94813,O94813,1,1,0.0,1.0,0.0,-1.0
1265,Q96LA8,Q96LA8,1,1,0.0,1.0,0.0,-1.0
1267,Q9NW38,Q9NW38,1,1,0.0,1.0,0.0,-1.0
112,Q9NZN5,Q9NZN5,1,1,0.0,1.0,0.0,-1.0
1,Q9UPN3,Q9UPN3,1,1,1.0,0.0,1.0,1.0
1271,P12314,P12314,1,1,0.0,1.0,0.0,-1.0
229,O75762,O75762,1,1,0.0,1.0,0.0,-1.0
883,Q16851,Q16851,1,1,0.0,1.0,0.0,-1.0
231,P40818,P40818,1,1,0.0,1.0,0.0,-1.0
876,Q96NY8,Q96NY8,1,1,0.0,1.0,0.0,-1.0
1281,Q9Y617,Q9Y617,1,1,0.0,1.0,0.0,-1.0
1258,Q8N4Q0,Q8N4Q0,1,1,0.0,1.0,0.0,-1.0
1257,Q96CM3,Q96CM3,1,1,0.0,1.0,0.0,-1.0
901,Q9HD40,Q9HD40,1,1,1.0,0.0,1.0,1.0
915,O15123,O15123,1,1,0.0,1.0,0.0,-1.0
925,P43490,P43490,1,1,1.0,0.0,1.0,1.0
924,O60784,O60784,1,1,0.0,1.0,0.0,-1.0
117,Q8TEQ6,Q8TEQ6,1,1,0.0,1.0,0.0,-1.0
219,Q16531,Q16531,1,1,0.0,1.0,0.0,-1.0
920,P54578,P54578,1,1,0.0,1.0,0.0,-1.0
1242,P49146,P49146,1,1,0.0,1.0,0.0,-1.0
1244,Q16828,Q16828,1,1,0.0,1.0,0.0,-1.0
902,P56817,P56817,1,1,0.0,1.0,0.0,-1.0
1245,Q7Z6M4,Q7Z6M4,1,1,0.0,1.0,0.0,-1.0
1249,Q14627,Q14627,1,1,0.0,1.0,0.0,-1.0
1250,P35414,P35414,1,1,0.0,1.0,0.0,-1.0
1252,P41145,P41145,1,1,0.0,1.0,0.0,-1.0
1253,O43173,O43173,1,1,0.0,1.0,0.0,-1.0
906,Q86WT6,Q86WT6,1,1,0.0,1.0,0.0,-1.0
1188,P01876,P01876,1,1,0.0,1.0,0.0,-1.0
1187,P15291,P15291,1,1,0.0,1.0,0.0,-1.0
986,P52757,P52757,1,1,0.0,1.0,0.0,-1.0
174,Q9NTJ3,Q9NTJ3,1,1,0.0,1.0,0.0,-1.0
1114,P21579,P21579,1,1,1.0,0.0,1.0,1.0
1116,Q8N9L9,Q8N9L9,1,1,0.0,1.0,0.0,-1.0
1064,Q9BQQ3,Q9BQQ3,1,1,0.0,1.0,0.0,-1.0
1119,Q9HAT8,Q9HAT8,1,1,0.0,1.0,0.0,-1.0
1121,P49642,P49642,1,1,0.0,1.0,0.0,-1.0
168,O14976,O14976,1,1,0.0,1.0,0.0,-1.0
148,Q9NS87,Q9NS87,1,1,0.0,1.0,0.0,-1.0
1060,Q96SW2,Q96SW2,1,1,1.0,0.0,1.0,1.0
169,Q9BYE9,Q9BYE9,1,1,0.0,1.0,0.0,-1.0
145,Q86YV5,Q86YV5,1,1,0.0,1.0,0.0,-1.0
1129,P43351,P43351,1,1,0.0,1.0,0.0,-1.0
1130,Q6YN16,Q6YN16,1,1,0.0,1.0,0.0,-1.0
1054,Q15761,Q15761,1,1,0.0,1.0,0.0,-1.0
1053,P60228,P60228,1,1,0.0,1.0,0.0,-1.0
1133,Q96E29,Q96E29,1,1,0.0,1.0,0.0,-1.0
149,Q14152,Q14152,1,1,0.0,1.0,0.0,-1.0
1068,Q07960,Q07960,1,1,0.0,1.0,0.0,-1.0
1111,Q9UL52,Q9UL52,1,1,0.0,1.0,0.0,-1.0
1074,Q12794,Q12794,1,1,0.0,1.0,0.0,-1.0
1088,Q15645,Q15645,1,1,0.0,1.0,0.0,-1.0
162,Q12913,Q12913,1,1,0.0,1.0,0.0,-1.0
1095,Q9NPH0,Q9NPH0,1,1,0.0,1.0,0.0,-1.0
1079,Q86UY5,Q86UY5,1,1,0.0,1.0,0.0,-1.0
158,Q2M1P5,Q2M1P5,1,1,0.0,1.0,0.0,-1.0
1077,O15178,O15178,1,1,0.0,1.0,0.0,-1.0
157,O94856,O94856,1,1,0.0,1.0,0.0,-1.0
151,Q9NRR4,Q9NRR4,1,1,0.0,1.0,0.0,-1.0
1102,P08476,P08476,1,1,0.0,1.0,0.0,-1.0
1103,A1Z1Q3,A1Z1Q3,1,1,0.0,1.0,0.0,-1.0
1104,Q8N5Z0,Q8N5Z0,1,1,0.0,1.0,0.0,-1.0
1105,P22234,P22234,1,1,0.0,1.0,0.0,-1.0
1107,O95630,O95630,1,1,1.0,0.0,1.0,1.0
1071,Q13895,Q13895,1,1,0.0,1.0,0.0,-1.0
173,P19174,P19174,1,1,0.0,1.0,0.0,-1.0
1049,O15533,O15533,1,1,0.0,1.0,0.0,-1.0
989,P41279,P41279,1,1,0.0,1.0,0.0,-1.0
1138,Q8N371,Q8N371,1,1,0.0,1.0,0.0,-1.0
1167,Q9GZZ9,Q9GZZ9,1,1,1.0,0.0,1.0,1.0
1169,P29466,P29466,1,1,0.0,1.0,0.0,-1.0
1008,P23677,P23677,1,1,0.0,1.0,0.0,-1.0
1171,P14902,P14902,1,1,0.0,1.0,0.0,-1.0
1007,Q13285,Q13285,1,1,1.0,0.0,1.0,1.0
1173,Q96BZ9,Q96BZ9,1,1,0.0,1.0,0.0,-1.0
1000,Q9Y230,Q9Y230,1,1,0.0,1.0,0.0,-1.0
1175,P04278,P04278,1,1,0.0,1.0,0.0,-1.0
997,P49336,P49336,1,1,1.0,0.0,1.0,1.0
187,O43314,O43314,1,1,0.0,1.0,0.0,-1.0
188,P35568,P35568,1,1,0.0,1.0,0.0,-1.0
994,Q16719,Q16719,1,1,0.0,1.0,0.0,-1.0
1181,P01857,P01857,1,1,0.0,1.0,0.0,-1.0
991,P08172,P08172,1,1,0.0,1.0,0.0,-1.0
191,Q8N3U4,Q8N3U4,1,1,0.0,1.0,0.0,-1.0
1165,P48775,P48775,1,1,1.0,0.0,1.0,1.0
1013,Q99952,Q99952,1,1,0.0,1.0,0.0,-1.0
142,O95405,O95405,1,1,0.0,1.0,0.0,-1.0
1036,Q9BXJ7,Q9BXJ7,1,1,0.0,1.0,0.0,-1.0
1047,Q14457,Q14457,1,1,0.0,1.0,0.0,-1.0
1141,Q13148,Q13148,1,1,1.0,0.0,1.0,1.0
1143,Q14318,Q14318,1,1,0.0,1.0,0.0,-1.0
1040,P42575,P42575,1,1,0.0,1.0,0.0,-1.0
177,P11274,P11274,1,1,0.0,1.0,0.0,-1.0
1037,O00189,O00189,1,1,0.0,1.0,0.0,-1.0
1034,Q9Y2T3,Q9Y2T3,1,1,0.0,1.0,0.0,-1.0
1156,Q16186,Q16186,1,1,0.0,1.0,0.0,-1.0
1149,Q5VW32,Q5VW32,1,1,0.0,1.0,0.0,-1.0
1032,P20749,P20749,1,1,0.0,1.0,0.0,-1.0
1027,O00232,O00232,1,1,0.0,1.0,0.0,-1.0
1026,Q9HCE5,Q9HCE5,1,1,0.0,1.0,0.0,-1.0
1025,O43159,O43159,1,1,0.0,1.0,0.0,-1.0
1155,P25103,P25103,1,1,0.0,1.0,0.0,-1.0
1282,Q9UJM8,Q9UJM8,1,1,0.0,1.0,0.0,-1.0
237,P53396,P53396,1,1,0.0,1.0,0.0,-1.0
1285,P49366,P49366,1,1,0.0,1.0,0.0,-1.0
1092,Q9Y2G5,Q9Y2G5,1,1,0.0,1.0,0.0,-1.0
747,Q13416,Q13416,1,1,0.0,1.0,0.0,-1.0
1416,Q08334,Q08334,1,1,0.0,1.0,0.0,-1.0
745,Q96AP4,Q96AP4,1,1,0.0,1.0,0.0,-1.0
744,O60508,O60508,1,1,0.0,1.0,0.0,-1.0
741,Q14995,Q14995,1,1,0.0,1.0,0.0,-1.0
1421,Q9Y698,Q9Y698,1,1,1.0,0.0,1.0,1.0
740,Q8WX92,Q8WX92,1,1,0.0,1.0,0.0,-1.0
1423,P55735,P55735,1,1,0.0,1.0,0.0,-1.0
737,Q9NVV4,Q9NVV4,1,1,0.0,1.0,0.0,-1.0
271,Q6PJP8,Q6PJP8,1,1,0.0,1.0,0.0,-1.0
273,Q07912,Q07912,1,1,0.0,1.0,0.0,-1.0
731,O15091,O15091,1,1,0.0,1.0,0.0,-1.0
1429,O75208,O75208,1,1,0.0,1.0,0.0,-1.0
730,P41214,P41214,1,1,0.0,1.0,0.0,-1.0
722,Q9HC62,Q9HC62,1,1,0.0,1.0,0.0,-1.0
79,Q460N5,Q460N5,1,1,0.0,1.0,0.0,-1.0
1412,Q86XE5,Q86XE5,1,1,1.0,0.0,1.0,1.0
1411,Q9UBV7,Q9UBV7,1,1,0.0,1.0,0.0,-1.0
81,Q5SRE5,Q5SRE5,1,1,0.0,1.0,0.0,-1.0
773,Q9UBW5,Q9UBW5,1,1,0.0,1.0,0.0,-1.0
771,Q96RQ9,Q96RQ9,1,1,0.0,1.0,0.0,-1.0
263,P08648,P08648,1,1,0.0,1.0,0.0,-1.0
83,Q9H792,Q9H792,1,1,0.0,1.0,0.0,-1.0
763,Q12980,Q12980,1,1,0.0,1.0,0.0,-1.0
266,Q9Y4F1,Q9Y4F1,1,1,1.0,0.0,1.0,1.0
1401,P54619,P54619,1,1,0.0,1.0,0.0,-1.0
1410,P20132,P20132,1,1,0.0,1.0,0.0,-1.0
269,Q9NR97,Q9NR97,1,1,0.0,1.0,0.0,-1.0
1405,Q9Y5K5,Q9Y5K5,1,1,0.0,1.0,0.0,-1.0
1406,P14061,P14061,1,1,0.0,1.0,0.0,-1.0
1407,Q13011,Q13011,1,1,0.0,1.0,0.0,-1.0
751,Q9BYC5,Q9BYC5,1,1,0.0,1.0,0.0,-1.0
750,Q9Y5P8,Q9Y5P8,1,1,0.0,1.0,0.0,-1.0
720,Q9H900,Q9H900,1,1,0.0,1.0,0.0,-1.0
1436,O95045,O95045,1,1,0.0,1.0,0.0,-1.0
262,O60566,O60566,1,1,1.0,0.0,1.0,1.0
1437,P25963,P25963,1,1,1.0,0.0,1.0,1.0
1459,O00487,O00487,1,1,0.0,1.0,0.0,-1.0
1460,Q92890,Q92890,1,1,0.0,1.0,0.0,-1.0
694,Q9Y297,Q9Y297,1,1,0.0,1.0,0.0,-1.0
1464,Q96MG7,Q96MG7,1,1,1.0,0.0,1.0,1.0
689,P52306,P52306,1,1,0.0,1.0,0.0,-1.0
288,Q86YT6,Q86YT6,1,1,0.0,1.0,0.0,-1.0
1467,Q96DC8,Q96DC8,1,1,0.0,1.0,0.0,-1.0
685,P09960,P09960,1,1,0.0,1.0,0.0,-1.0
1470,Q99685,Q99685,1,1,0.0,1.0,0.0,-1.0
1471,P19623,P19623,1,1,0.0,1.0,0.0,-1.0
1472,P42126,P42126,1,1,0.0,1.0,0.0,-1.0
67,P23467,P23467,1,1,0.0,1.0,0.0,-1.0
1476,O14842,O14842,1,1,0.0,1.0,0.0,-1.0
1477,P28907,P28907,1,1,0.0,1.0,0.0,-1.0
1478,Q92600,Q92600,1,1,0.0,1.0,0.0,-1.0
698,Q15642,Q15642,1,1,0.0,1.0,0.0,-1.0
1457,Q6UXL0,Q6UXL0,1,1,0.0,1.0,0.0,-1.0
286,P49916,P49916,1,1,1.0,0.0,1.0,1.0
1445,P16422,P16422,1,1,0.0,1.0,0.0,-1.0
1438,O14788,O14788,1,1,1.0,0.0,1.0,1.0
1440,P53370,P53370,1,1,0.0,1.0,0.0,-1.0
1441,Q00403,Q00403,1,1,0.0,1.0,0.0,-1.0
713,Q86TU7,Q86TU7,1,1,0.0,1.0,0.0,-1.0
709,P03372,P03372,1,1,1.0,0.0,1.0,1.0
1444,A2RUC4,A2RUC4,1,1,0.0,1.0,0.0,-1.0
1447,Q96LJ7,Q96LJ7,1,1,0.0,1.0,0.0,-1.0
700,O95256,O95256,1,1,0.0,1.0,0.0,-1.0
707,P57772,P57772,1,1,0.0,1.0,0.0,-1.0
703,Q9UJX2,Q9UJX2,1,1,0.0,1.0,0.0,-1.0
1450,Q7L523,Q7L523,1,1,0.0,1.0,0.0,-1.0
1451,Q9HC38,Q9HC38,1,1,0.0,1.0,0.0,-1.0
69,P24928,P24928,1,1,0.0,1.0,0.0,-1.0
701,Q5D1E8,Q5D1E8,1,1,0.0,1.0,0.0,-1.0
1388,O00180,O00180,1,1,0.0,1.0,0.0,-1.0
86,Q6R327,Q6R327,1,1,0.0,1.0,0.0,-1.0
869,Q15646,Q15646,1,1,0.0,1.0,0.0,-1.0
97,Q9H3S7,Q9H3S7,1,1,0.0,1.0,0.0,-1.0
851,Q13596,Q13596,1,1,0.0,1.0,0.0,-1.0
850,Q8N884,Q8N884,1,1,0.0,1.0,0.0,-1.0
1311,Q13394,Q13394,1,1,0.0,1.0,0.0,-1.0
1313,O00767,O00767,1,1,0.0,1.0,0.0,-1.0
243,O00267,O00267,1,1,0.0,1.0,0.0,-1.0
1318,O00303,O00303,1,1,0.0,1.0,0.0,-1.0
1319,Q96MX6,Q96MX6,1,1,0.0,1.0,0.0,-1.0
1321,Q00796,Q00796,1,1,0.0,1.0,0.0,-1.0
1322,Q96DI7,Q96DI7,1,1,0.0,1.0,0.0,-1.0
833,Q9BUI4,Q9BUI4,1,1,0.0,1.0,0.0,-1.0
1324,Q5T440,Q5T440,1,1,0.0,1.0,0.0,-1.0
1325,Q8N6T7,Q8N6T7,1,1,0.0,1.0,0.0,-1.0
832,O43242,O43242,1,1,0.0,1.0,0.0,-1.0
831,Q13564,Q13564,1,1,0.0,1.0,0.0,-1.0
246,O43683,O43683,1,1,0.0,1.0,0.0,-1.0
1308,Q15435,Q15435,1,1,0.0,1.0,0.0,-1.0
852,Q16222,Q16222,1,1,0.0,1.0,0.0,-1.0
1305,P55263,P55263,1,1,1.0,0.0,1.0,1.0
1295,Q5W0Z9,Q5W0Z9,1,1,0.0,1.0,0.0,-1.0
1287,Q9Y2C4,Q9Y2C4,1,1,0.0,1.0,0.0,-1.0
1288,P78406,P78406,1,1,0.0,1.0,0.0,-1.0
1289,P28562,P28562,1,1,0.0,1.0,0.0,-1.0
867,P49591,P49591,1,1,1.0,0.0,1.0,1.0
864,P48551,P48551,1,1,0.0,1.0,0.0,-1.0
1293,P62068,P62068,1,1,0.0,1.0,0.0,-1.0
105,Q04637,Q04637,1,1,0.0,1.0,0.0,-1.0
1304,Q9NX46,Q9NX46,1,1,0.0,1.0,0.0,-1.0
861,Q96JA3,Q96JA3,1,1,1.0,0.0,1.0,1.0
103,Q96PN6,Q96PN6,1,1,0.0,1.0,0.0,-1.0
242,Q96JA1,Q96JA1,1,1,0.0,1.0,0.0,-1.0
856,O43172,O43172,1,1,1.0,0.0,1.0,1.0
855,Q9Y3I1,Q9Y3I1,1,1,0.0,1.0,0.0,-1.0
1303,O75818,O75818,1,1,0.0,1.0,0.0,-1.0
98,Q13395,Q13395,1,1,0.0,1.0,0.0,-1.0
824,P57789,P57789,1,1,0.0,1.0,0.0,-1.0
1382,P37837,P37837,1,1,1.0,0.0,1.0,1.0
820,Q9NZN8,Q9NZN8,1,1,0.0,1.0,0.0,-1.0
1355,Q14982,Q14982,1,1,1.0,0.0,1.0,1.0
1356,P19883,P19883,1,1,0.0,1.0,0.0,-1.0
1359,O14862,O14862,1,1,0.0,1.0,0.0,-1.0
803,P14784,P14784,1,1,0.0,1.0,0.0,-1.0
1363,Q9BQA1,Q9BQA1,1,1,0.0,1.0,0.0,-1.0
1367,Q9UNI6,Q9UNI6,1,1,0.0,1.0,0.0,-1.0
794,Q49A26,Q49A26,1,1,0.0,1.0,0.0,-1.0
792,P15391,P15391,1,1,0.0,1.0,0.0,-1.0
791,Q01638,Q01638,1,1,0.0,1.0,0.0,-1.0
1371,P40937,P40937,1,1,0.0,1.0,0.0,-1.0
1372,Q13825,Q13825,1,1,1.0,0.0,1.0,1.0
1373,O76071,O76071,1,1,0.0,1.0,0.0,-1.0
1375,P78318,P78318,1,1,0.0,1.0,0.0,-1.0
260,Q96NW4,Q96NW4,1,1,0.0,1.0,0.0,-1.0
87,Q9NZM3,Q9NZM3,1,1,0.0,1.0,0.0,-1.0
251,Q6ZW49,Q6ZW49,1,1,0.0,1.0,0.0,-1.0
809,Q9H211,Q9H211,1,1,0.0,1.0,0.0,-1.0
810,P01854,P01854,1,1,0.0,1.0,0.0,-1.0
1343,P09001,P09001,1,1,0.0,1.0,0.0,-1.0
1336,Q8N8N7,Q8N8N7,1,1,0.0,1.0,0.0,-1.0
1337,P21730,P21730,1,1,0.0,1.0,0.0,-1.0
818,Q14449,Q14449,1,1,0.0,1.0,0.0,-1.0
1340,P48556,P48556,1,1,0.0,1.0,0.0,-1.0
1341,Q9NWT6,Q9NWT6,1,1,0.0,1.0,0.0,-1.0
1342,Q8IV48,Q8IV48,1,1,0.0,1.0,0.0,-1.0
814,Q8N543,Q8N543,1,1,0.0,1.0,0.0,-1.0
1351,P53597,P53597,1,1,1.0,0.0,1.0,1.0
248,Q9Y4D1,Q9Y4D1,1,1,0.0,1.0,0.0,-1.0
1346,Q9P0M2,Q9P0M2,1,1,0.0,1.0,0.0,-1.0
812,Q9Y251,Q9Y251,1,1,1.0,0.0,1.0,1.0
1348,Q15814,Q15814,1,1,0.0,1.0,0.0,-1.0
1349,Q9UBE0,Q9UBE0,1,1,0.0,1.0,0.0,-1.0
250,Q96EP0,Q96EP0,1,1,0.0,1.0,0.0,-1.0
1083,Q99538,Q99538,1,1,0.0,1.0,0.0,-1.0
