epoch,train_loss,train_accuracy,train_auc,train_precision,train_recall,train_f1_score,val_loss,val_accuracy,val_auc,val_precision,val_recall,val_f1_score
1,0.3901699483394623,0.8571428656578064,0.9349490404129028,0.8571428656578064,0.8571428656578064,0.8571428060531616,0.4562910497188568,0.7857142686843872,0.8928571939468384,0.7857142686843872,0.7857142686843872,0.7857141494750977
2,0.38921302556991577,0.8571428656578064,0.9362244606018066,0.8571428656578064,0.8571428656578064,0.8571428060531616,0.4552146792411804,0.7857142686843872,0.8928571939468384,0.7857142686843872,0.7857142686843872,0.7857141494750977
3,0.38833627104759216,0.8571428656578064,0.9387754797935486,0.8571428656578064,0.8571428656578064,0.8571428060531616,0.45423218607902527,0.7857142686843872,0.8928571939468384,0.7857142686843872,0.7857142686843872,0.7857141494750977
4,0.3874742090702057,0.8571428656578064,0.9413264989852905,0.8571428656578064,0.8571428656578064,0.8571428060531616,0.4532698094844818,0.7857142686843872,0.8928571939468384,0.7857142686843872,0.7857142686843872,0.7857141494750977
5,0.3866041600704193,0.8571428656578064,0.9413264989852905,0.8571428656578064,0.8571428656578064,0.8571428060531616,0.45230236649513245,0.7857142686843872,0.8928570747375488,0.7857142686843872,0.7857142686843872,0.7857141494750977
6,0.38571783900260925,0.8571428656578064,0.9413264989852905,0.8571428656578064,0.8571428656578064,0.8571428060531616,0.45132070779800415,0.7857142686843872,0.8928570747375488,0.7857142686843872,0.7857142686843872,0.7857141494750977
7,0.38481205701828003,0.8571428656578064,0.9413264989852905,0.8571428656578064,0.8571428656578064,0.8571428060531616,0.4503215253353119,0.7857142686843872,0.8928571939468384,0.7857142686843872,0.7857142686843872,0.7857141494750977
8,0.3838863670825958,0.8571428656578064,0.9413265585899353,0.8571428656578064,0.8571428656578064,0.8571428060531616,0.44930464029312134,0.7857142686843872,0.8928571343421936,0.7857142686843872,0.7857142686843872,0.7857141494750977
9,0.38294121623039246,0.8571428656578064,0.9413265585899353,0.8571428656578064,0.8571428656578064,0.8571428060531616,0.44827085733413696,0.7857142686843872,0.8928571939468384,0.7857142686843872,0.7857142686843872,0.7857141494750977
10,0.38197776675224304,0.8571428656578064,0.9413264989852905,0.8571428656578064,0.8571428656578064,0.8571428060531616,0.44722193479537964,0.7857142686843872,0.8928571343421936,0.7857142686843872,0.7857142686843872,0.7857141494750977
11,0.3809974193572998,0.8571428656578064,0.9413265585899353,0.8571428656578064,0.8571428656578064,0.8571428060531616,0.44615960121154785,0.7857142686843872,0.8928571343421936,0.7857142686843872,0.7857142686843872,0.7857141494750977
12,0.3800016939640045,0.8571428656578064,0.9413265585899353,0.8571428656578064,0.8571428656578064,0.8571428060531616,0.4450858533382416,0.7857142686843872,0.8928570747375488,0.7857142686843872,0.7857142686843872,0.7857141494750977
13,0.37899190187454224,0.8571428656578064,0.9413265585899353,0.8571428656578064,0.8571428656578064,0.8571428060531616,0.4440028667449951,0.7857142686843872,0.8928571343421936,0.7857142686843872,0.7857142686843872,0.7857141494750977
14,0.3779694736003876,0.8571428656578064,0.9413264989852905,0.8571428656578064,0.8571428656578064,0.8571428060531616,0.4429122507572174,0.7857142686843872,0.8979592323303223,0.7857142686843872,0.7857142686843872,0.7857141494750977
15,0.3769358992576599,0.8571428656578064,0.9413264989852905,0.8571428656578064,0.8571428656578064,0.8571428060531616,0.4418160021305084,0.7857142686843872,0.8928571343421936,0.7857142686843872,0.7857142686843872,0.7857141494750977
16,0.3758923411369324,0.8571428656578064,0.9413264989852905,0.8571428656578064,0.8571428656578064,0.8571428060531616,0.44071561098098755,0.7857142686843872,0.8928571343421936,0.7857142686843872,0.7857142686843872,0.7857141494750977
17,0.37484005093574524,0.8571428656578064,0.9413264989852905,0.8571428656578064,0.8571428656578064,0.8571428060531616,0.4396129250526428,0.7857142686843872,0.8979591727256775,0.7857142686843872,0.7857142686843872,0.7857141494750977
18,0.37378010153770447,0.8571428656578064,0.9413265585899353,0.8571428656578064,0.8571428656578064,0.8571428060531616,0.4385091960430145,0.7857142686843872,0.8928570747375488,0.7857142686843872,0.7857142686843872,0.7857141494750977
19,0.3727136254310608,0.8571428656578064,0.9413265585899353,0.8571428656578064,0.8571428656578064,0.8571428060531616,0.43740591406822205,0.7857142686843872,0.8979591727256775,0.7857142686843872,0.7857142686843872,0.7857141494750977
20,0.371641606092453,0.8571428656578064,0.9413264989852905,0.8571428656578064,0.8571428656578064,0.8571428060531616,0.4363042712211609,0.7857142686843872,0.8979592323303223,0.7857142686843872,0.7857142686843872,0.7857141494750977
21,0.3705647587776184,0.8571428656578064,0.9413264989852905,0.8571428656578064,0.8571428656578064,0.8571428060531616,0.43520551919937134,0.7857142686843872,0.9030612707138062,0.7857142686843872,0.7857142686843872,0.7857141494750977
22,0.3694840967655182,0.8571428656578064,0.9419642686843872,0.8571428656578064,0.8571428656578064,0.8571428060531616,0.434110552072525,0.7857142686843872,0.8979592323303223,0.7857142686843872,0.7857142686843872,0.7857141494750977
23,0.36840033531188965,0.8928571343421936,0.9445153474807739,0.8928571343421936,0.8928571343421936,0.8928570747375488,0.4330204129219055,0.7857142686843872,0.8979592323303223,0.7857142686843872,0.7857142686843872,0.7857141494750977
24,0.36731410026550293,0.8928571343421936,0.9445153474807739,0.8928571343421936,0.8928571343421936,0.8928570747375488,0.4319360554218292,0.7857142686843872,0.90816330909729,0.7857142686843872,0.7857142686843872,0.7857141494750977
25,0.3662261366844177,0.8928571343421936,0.9451531171798706,0.8928571343421936,0.8928571343421936,0.8928570747375488,0.43085813522338867,0.7857142686843872,0.8979592323303223,0.7857142686843872,0.7857142686843872,0.7857141494750977
26,0.3651369512081146,0.8928571343421936,0.9451530575752258,0.8928571343421936,0.8928571343421936,0.8928570747375488,0.42978736758232117,0.7857142686843872,0.9030612707138062,0.7857142686843872,0.7857142686843872,0.7857141494750977
27,0.3640470802783966,0.8928571343421936,0.9464285969734192,0.8928571343421936,0.8928571343421936,0.8928570747375488,0.4287244379520416,0.7857142686843872,0.90816330909729,0.7857142686843872,0.7857142686843872,0.7857141494750977
28,0.3629571497440338,0.8928571343421936,0.9464285969734192,0.8928571343421936,0.8928571343421936,0.8928570747375488,0.42766979336738586,0.7857142686843872,0.90816330909729,0.7857142686843872,0.7857142686843872,0.7857141494750977
29,0.36186733841896057,0.8928571343421936,0.9464285373687744,0.8928571343421936,0.8928571343421936,0.8928570747375488,0.42662402987480164,0.7857142686843872,0.9030612111091614,0.7857142686843872,0.7857142686843872,0.7857141494750977
30,0.36077824234962463,0.8928571343421936,0.9477040767669678,0.8928571343421936,0.8928571343421936,0.8928570747375488,0.4255874454975128,0.7857142686843872,0.90816330909729,0.7857142686843872,0.7857142686843872,0.7857141494750977
31,0.3596901595592499,0.8928571343421936,0.9489796161651611,0.8928571343421936,0.8928571343421936,0.8928570747375488,0.4245604872703552,0.7857142686843872,0.9081632494926453,0.7857142686843872,0.7857142686843872,0.7857141494750977
32,0.35860344767570496,0.8928571343421936,0.9489795565605164,0.8928571343421936,0.8928571343421936,0.8928570747375488,0.42354342341423035,0.7857142686843872,0.90816330909729,0.7857142686843872,0.7857142686843872,0.7857141494750977
33,0.35751837491989136,0.8928571343421936,0.9502550959587097,0.8928571343421936,0.8928571343421936,0.8928570747375488,0.4225365221500397,0.7857142686843872,0.90816330909729,0.7857142686843872,0.7857142686843872,0.7857141494750977
34,0.35643529891967773,0.8928571343421936,0.9515306353569031,0.8928571343421936,0.8928571343421936,0.8928570747375488,0.4215400218963623,0.7857142686843872,0.9081632494926453,0.7857142686843872,0.7857142686843872,0.7857141494750977
35,0.35535433888435364,0.8928571343421936,0.9515305757522583,0.8928571343421936,0.8928571343421936,0.8928570747375488,0.4205540120601654,0.7857142686843872,0.9132653474807739,0.7857142686843872,0.7857142686843872,0.7857141494750977
36,0.3542758524417877,0.8928571343421936,0.9528061747550964,0.8928571343421936,0.8928571343421936,0.8928570747375488,0.41957888007164,0.7857142686843872,0.90816330909729,0.7857142686843872,0.7857142686843872,0.7857141494750977
37,0.3531999886035919,0.8928571343421936,0.9528061151504517,0.8928571343421936,0.8928571343421936,0.8928570747375488,0.41861453652381897,0.7857142686843872,0.90816330909729,0.7857142686843872,0.7857142686843872,0.7857141494750977
38,0.35212692618370056,0.8928571343421936,0.9528061151504517,0.8928571343421936,0.8928571343421936,0.8928570747375488,0.4176611006259918,0.7857142686843872,0.9132653474807739,0.7857142686843872,0.7857142686843872,0.7857141494750977
39,0.3510568141937256,0.8928571343421936,0.9528061151504517,0.8928571343421936,0.8928571343421936,0.8928570747375488,0.4167186915874481,0.7857142686843872,0.9132653474807739,0.7857142686843872,0.7857142686843872,0.7857141494750977
40,0.3499898910522461,0.8928571343421936,0.9528061151504517,0.8928571343421936,0.8928571343421936,0.8928570747375488,0.41578730940818787,0.7857142686843872,0.9132653474807739,0.7857142686843872,0.7857142686843872,0.7857141494750977
41,0.34892621636390686,0.8928571343421936,0.9528061151504517,0.8928571343421936,0.8928571343421936,0.8928570747375488,0.4148668646812439,0.7857142686843872,0.918367326259613,0.7857142686843872,0.7857142686843872,0.7857141494750977
42,0.34786590933799744,0.8928571343421936,0.9528061151504517,0.8928571343421936,0.8928571343421936,0.8928570747375488,0.4139575958251953,0.7857142686843872,0.9234693646430969,0.7857142686843872,0.7857142686843872,0.7857141494750977
43,0.3468092083930969,0.8928571343421936,0.9540815949440002,0.8928571343421936,0.8928571343421936,0.8928570747375488,0.413059264421463,0.7857142686843872,0.9234693646430969,0.7857142686843872,0.7857142686843872,0.7857141494750977
44,0.3457561135292053,0.8928571343421936,0.954081654548645,0.8928571343421936,0.8928571343421936,0.8928570747375488,0.41217198967933655,0.7857142686843872,0.9234694242477417,0.7857142686843872,0.7857142686843872,0.7857141494750977
45,0.3447067439556122,0.8928571343421936,0.9553571939468384,0.8928571343421936,0.8928571343421936,0.8928570747375488,0.41129574179649353,0.7857142686843872,0.9234694242477417,0.7857142686843872,0.7857142686843872,0.7857141494750977
46,0.34366127848625183,0.8928571343421936,0.9553571343421936,0.8928571343421936,0.8928571343421936,0.8928570747375488,0.41043034195899963,0.7857142686843872,0.9234693646430969,0.7857142686843872,0.7857142686843872,0.7857141494750977
47,0.3426196575164795,0.8928571343421936,0.9553571939468384,0.8928571343421936,0.8928571343421936,0.8928570747375488,0.40957584977149963,0.7857142686843872,0.9234693646430969,0.7857142686843872,0.7857142686843872,0.7857141494750977
48,0.34158214926719666,0.8928571343421936,0.9547194242477417,0.8928571343421936,0.8928571343421936,0.8928570747375488,0.408732146024704,0.7857142686843872,0.9234693646430969,0.7857142686843872,0.7857142686843872,0.7857141494750977
49,0.34054869413375854,0.8928571343421936,0.9547193646430969,0.8928571343421936,0.8928571343421936,0.8928570747375488,0.4078991711139679,0.7857142686843872,0.9234693646430969,0.7857142686843872,0.7857142686843872,0.7857141494750977
50,0.33951935172080994,0.8571428656578064,0.9547193646430969,0.8571428656578064,0.8571428656578064,0.8571428060531616,0.407076895236969,0.7857142686843872,0.9234694242477417,0.7857142686843872,0.7857142686843872,0.7857141494750977
51,0.33849433064460754,0.8571428656578064,0.9547193646430969,0.8571428656578064,0.8571428656578064,0.8571428060531616,0.4062652289867401,0.7857142686843872,0.9234694242477417,0.7857142686843872,0.7857142686843872,0.7857141494750977
52,0.3374735414981842,0.8571428656578064,0.9528061151504517,0.8571428656578064,0.8571428656578064,0.8571428060531616,0.40546396374702454,0.7857142686843872,0.9234694242477417,0.7857142686843872,0.7857142686843872,0.7857141494750977
53,0.33645710349082947,0.8571428656578064,0.954081654548645,0.8571428656578064,0.8571428656578064,0.8571428060531616,0.40467312932014465,0.7857142686843872,0.9234694242477417,0.7857142686843872,0.7857142686843872,0.7857141494750977
54,0.3354451358318329,0.8571428656578064,0.9540815949440002,0.8571428656578064,0.8571428656578064,0.8571428060531616,0.40389251708984375,0.7857142686843872,0.9234694242477417,0.7857142686843872,0.7857142686843872,0.7857141494750977
55,0.33443766832351685,0.8571428656578064,0.954081654548645,0.8571428656578064,0.8571428656578064,0.8571428060531616,0.403122216463089,0.7857142686843872,0.9234694242477417,0.7857142686843872,0.7857142686843872,0.7857141494750977
56,0.33343473076820374,0.8571428656578064,0.9540815949440002,0.8571428656578064,0.8571428656578064,0.8571428060531616,0.40236201882362366,0.7857142686843872,0.9234694242477417,0.7857142686843872,0.7857142686843872,0.7857141494750977
57,0.33243632316589355,0.8571428656578064,0.9528061151504517,0.8571428656578064,0.8571428656578064,0.8571428060531616,0.40161165595054626,0.7857142686843872,0.9234694242477417,0.7857142686843872,0.7857142686843872,0.7857141494750977
58,0.3314426839351654,0.8571428656578064,0.9528061151504517,0.8571428656578064,0.8571428656578064,0.8571428060531616,0.4008713364601135,0.7857142686843872,0.9234694242477417,0.7857142686843872,0.7857142686843872,0.7857141494750977
59,0.3304535746574402,0.8571428656578064,0.9528061151504517,0.8571428656578064,0.8571428656578064,0.8571428060531616,0.40014055371284485,0.7857142686843872,0.9234694242477417,0.7857142686843872,0.7857142686843872,0.7857141494750977
60,0.32946938276290894,0.8571428656578064,0.954081654548645,0.8571428656578064,0.8571428656578064,0.8571428060531616,0.3994196951389313,0.7857142686843872,0.9234693646430969,0.7857142686843872,0.7857142686843872,0.7857141494750977
61,0.3284898102283478,0.8571428656578064,0.9540815949440002,0.8571428656578064,0.8571428656578064,0.8571428060531616,0.39870816469192505,0.7857142686843872,0.9234693646430969,0.7857142686843872,0.7857142686843872,0.7857141494750977
62,0.32751527428627014,0.8571428656578064,0.954081654548645,0.8571428656578064,0.8571428656578064,0.8571428060531616,0.3980061709880829,0.7857142686843872,0.9234693646430969,0.7857142686843872,0.7857142686843872,0.7857141494750977
63,0.3265455663204193,0.8571428656578064,0.9540815949440002,0.8571428656578064,0.8571428656578064,0.8571428060531616,0.39731353521347046,0.7857142686843872,0.9234693646430969,0.7857142686843872,0.7857142686843872,0.7857141494750977
64,0.32558077573776245,0.8571428656578064,0.954081654548645,0.8571428656578064,0.8571428656578064,0.8571428060531616,0.3966299891471863,0.7857142686843872,0.9234694242477417,0.7857142686843872,0.7857142686843872,0.7857141494750977
65,0.32462090253829956,0.8571428656578064,0.954081654548645,0.8571428656578064,0.8571428656578064,0.8571428060531616,0.39595553278923035,0.7857142686843872,0.9285714030265808,0.7857142686843872,0.7857142686843872,0.7857141494750977
66,0.3236662447452545,0.8571428656578064,0.956632673740387,0.8571428656578064,0.8571428656578064,0.8571428060531616,0.39528998732566833,0.7857142686843872,0.9285714626312256,0.7857142686843872,0.7857142686843872,0.7857141494750977
67,0.32271653413772583,0.8571428656578064,0.956632673740387,0.8571428656578064,0.8571428656578064,0.8571428060531616,0.3946334421634674,0.7857142686843872,0.9285714626312256,0.7857142686843872,0.7857142686843872,0.7857141494750977
68,0.3217719495296478,0.8571428656578064,0.9579081535339355,0.8571428656578064,0.8571428656578064,0.8571428060531616,0.39398548007011414,0.7857142686843872,0.9336734414100647,0.7857142686843872,0.7857142686843872,0.7857141494750977
69,0.3208325207233429,0.8571428656578064,0.9579081535339355,0.8571428656578064,0.8571428656578064,0.8571428060531616,0.39334598183631897,0.7857142686843872,0.9336734414100647,0.7857142686843872,0.7857142686843872,0.7857141494750977
70,0.3198982775211334,0.8571428656578064,0.9579081535339355,0.8571428656578064,0.8571428656578064,0.8571428060531616,0.3927152156829834,0.7857142686843872,0.9336734414100647,0.7857142686843872,0.7857142686843872,0.7857141494750977
71,0.3189692497253418,0.8571428656578064,0.9579082131385803,0.8571428656578064,0.8571428656578064,0.8571428060531616,0.39209264516830444,0.7857142686843872,0.9336734414100647,0.7857142686843872,0.7857142686843872,0.7857141494750977
72,0.3180455267429352,0.8571428656578064,0.9591836929321289,0.8571428656578064,0.8571428656578064,0.8571428060531616,0.39147838950157166,0.7857142686843872,0.9336734414100647,0.7857142686843872,0.7857142686843872,0.7857141494750977
73,0.3171270787715912,0.8571428656578064,0.9591836333274841,0.8571428656578064,0.8571428656578064,0.8571428060531616,0.39087221026420593,0.7857142686843872,0.9336735010147095,0.7857142686843872,0.7857142686843872,0.7857141494750977
74,0.3162139356136322,0.8571428656578064,0.9591836929321289,0.8571428656578064,0.8571428656578064,0.8571428060531616,0.39027395844459534,0.7857142686843872,0.9336734414100647,0.7857142686843872,0.7857142686843872,0.7857141494750977
75,0.3153062164783478,0.8571428656578064,0.9591836929321289,0.8571428656578064,0.8571428656578064,0.8571428060531616,0.3896837830543518,0.7857142686843872,0.9336735010147095,0.7857142686843872,0.7857142686843872,0.7857141494750977
76,0.31440386176109314,0.8571428656578064,0.9591836929321289,0.8571428656578064,0.8571428656578064,0.8571428060531616,0.3891012370586395,0.7857142686843872,0.9336735010147095,0.7857142686843872,0.7857142686843872,0.7857141494750977
77,0.3135068714618683,0.8571428656578064,0.9591836929321289,0.8571428656578064,0.8571428656578064,0.8571428060531616,0.38852646946907043,0.7857142686843872,0.9336734414100647,0.7857142686843872,0.7857142686843872,0.7857141494750977
78,0.31261536478996277,0.8571428656578064,0.9591836333274841,0.8571428656578064,0.8571428656578064,0.8571428060531616,0.38795918226242065,0.7857142686843872,0.9336735010147095,0.7857142686843872,0.7857142686843872,0.7857141494750977
79,0.3117292821407318,0.8571428656578064,0.9591836333274841,0.8571428656578064,0.8571428656578064,0.8571428060531616,0.38739943504333496,0.7857142686843872,0.9336735010147095,0.7857142686843872,0.7857142686843872,0.7857141494750977
80,0.31084877252578735,0.8571428656578064,0.9591836929321289,0.8571428656578064,0.8571428656578064,0.8571428060531616,0.38684698939323425,0.7857142686843872,0.9336735010147095,0.7857142686843872,0.7857142686843872,0.7857141494750977
81,0.30997365713119507,0.8571428656578064,0.9591836929321289,0.8571428656578064,0.8571428656578064,0.8571428060531616,0.38630184531211853,0.7857142686843872,0.9336734414100647,0.7857142686843872,0.7857142686843872,0.7857141494750977
82,0.30910417437553406,0.8571428656578064,0.9591836929321289,0.8571428656578064,0.8571428656578064,0.8571428060531616,0.385763943195343,0.7857142686843872,0.9336735010147095,0.7857142686843872,0.7857142686843872,0.7857141494750977
83,0.3082401156425476,0.8571428656578064,0.9591836929321289,0.8571428656578064,0.8571428656578064,0.8571428060531616,0.385233074426651,0.7857142686843872,0.9336734414100647,0.7857142686843872,0.7857142686843872,0.7857141494750977
84,0.30738168954849243,0.8571428656578064,0.9591836929321289,0.8571428656578064,0.8571428656578064,0.8571428060531616,0.3847091495990753,0.7857142686843872,0.9336735010147095,0.7857142686843872,0.7857142686843872,0.7857141494750977
85,0.306528776884079,0.8571428656578064,0.9591836929321289,0.8571428656578064,0.8571428656578064,0.8571428060531616,0.38419219851493835,0.7857142686843872,0.9336735010147095,0.7857142686843872,0.7857142686843872,0.7857141494750977
86,0.30568140745162964,0.8928571343421936,0.9598214030265808,0.8928571343421936,0.8928571343421936,0.8928570747375488,0.38368210196495056,0.7857142686843872,0.9336735010147095,0.7857142686843872,0.7857142686843872,0.7857141494750977
87,0.3048395812511444,0.8928571343421936,0.9604591727256775,0.8928571343421936,0.8928571343421936,0.8928570747375488,0.3831787109375,0.7857142686843872,0.9336735010147095,0.7857142686843872,0.7857142686843872,0.7857141494750977
88,0.30400338768959045,0.8928571343421936,0.9604592323303223,0.8928571343421936,0.8928571343421936,0.8928570747375488,0.38268208503723145,0.7857142686843872,0.9336735010147095,0.7857142686843872,0.7857142686843872,0.7857141494750977
89,0.30317264795303345,0.8928571343421936,0.9604591727256775,0.8928571343421936,0.8928571343421936,0.8928570747375488,0.3821919858455658,0.7857142686843872,0.9336735010147095,0.7857142686843872,0.7857142686843872,0.7857141494750977
90,0.3023475706577301,0.8928571343421936,0.9604591727256775,0.8928571343421936,0.8928571343421936,0.8928570747375488,0.38170841336250305,0.7857142686843872,0.9362244606018066,0.7857142686843872,0.7857142686843872,0.7857141494750977
91,0.3015279769897461,0.8928571343421936,0.9604592323303223,0.8928571343421936,0.8928571343421936,0.8928570747375488,0.3812311589717865,0.7857142686843872,0.9362244606018066,0.7857142686843872,0.7857142686843872,0.7857141494750977
92,0.30071404576301575,0.8928571343421936,0.9604592323303223,0.8928571343421936,0.8928571343421936,0.8928570747375488,0.38076040148735046,0.8571428656578064,0.9362244606018066,0.8571428656578064,0.8571428656578064,0.8571428060531616
93,0.29990553855895996,0.8928571343421936,0.9604592323303223,0.8928571343421936,0.8928571343421936,0.8928570747375488,0.3802958130836487,0.8571428656578064,0.9362244606018066,0.8571428656578064,0.8571428656578064,0.8571428060531616
94,0.29910263419151306,0.8928571343421936,0.9604591727256775,0.8928571343421936,0.8928571343421936,0.8928570747375488,0.3798375427722931,0.8571428656578064,0.9362244606018066,0.8571428656578064,0.8571428656578064,0.8571428060531616
95,0.2983052432537079,0.8928571343421936,0.9604592323303223,0.8928571343421936,0.8928571343421936,0.8928570747375488,0.37938523292541504,0.8571428656578064,0.9387754797935486,0.8571428656578064,0.8571428656578064,0.8571428060531616
96,0.29751330614089966,0.8928571343421936,0.9604592323303223,0.8928571343421936,0.8928571343421936,0.8928570747375488,0.37893906235694885,0.8571428656578064,0.9387755393981934,0.8571428656578064,0.8571428656578064,0.8571428060531616
97,0.29672685265541077,0.8928571343421936,0.9617347121238708,0.8928571343421936,0.8928571343421936,0.8928570747375488,0.37849873304367065,0.8571428656578064,0.9387755393981934,0.8571428656578064,0.8571428656578064,0.8571428060531616
98,0.29594582319259644,0.8928571343421936,0.9630101919174194,0.8928571343421936,0.8928571343421936,0.8928570747375488,0.37806442379951477,0.8571428656578064,0.9387754797935486,0.8571428656578064,0.8571428656578064,0.8571428060531616
99,0.29517024755477905,0.8928571343421936,0.9617346525192261,0.8928571343421936,0.8928571343421936,0.8928570747375488,0.37763580679893494,0.8571428656578064,0.9387755393981934,0.8571428656578064,0.8571428656578064,0.8571428060531616
100,0.29440006613731384,0.8928571343421936,0.9630101919174194,0.8928571343421936,0.8928571343421936,0.8928570747375488,0.37721315026283264,0.8571428656578064,0.9387754797935486,0.8571428656578064,0.8571428656578064,0.8571428060531616
101,0.2936353087425232,0.8928571343421936,0.9630101919174194,0.8928571343421936,0.8928571343421936,0.8928570747375488,0.3767959773540497,0.8571428656578064,0.9387754797935486,0.8571428656578064,0.8571428656578064,0.8571428060531616
102,0.29287591576576233,0.8928571343421936,0.9630101919174194,0.8928571343421936,0.8928571343421936,0.8928570747375488,0.376384437084198,0.8571428656578064,0.9387754797935486,0.8571428656578064,0.8571428656578064,0.8571428060531616
103,0.2921217381954193,0.8928571343421936,0.9630101919174194,0.8928571343421936,0.8928571343421936,0.8928570747375488,0.3759785294532776,0.8571428656578064,0.9438775181770325,0.8571428656578064,0.8571428656578064,0.8571428060531616
104,0.2913728654384613,0.8928571343421936,0.9642857313156128,0.8928571343421936,0.8928571343421936,0.8928570747375488,0.3755779564380646,0.8571428656578064,0.9387755393981934,0.8571428656578064,0.8571428656578064,0.8571428060531616
105,0.29062920808792114,0.8928571343421936,0.9642857313156128,0.8928571343421936,0.8928571343421936,0.8928570747375488,0.3751828372478485,0.8571428656578064,0.9387755393981934,0.8571428656578064,0.8571428656578064,0.8571428060531616
106,0.28989073634147644,0.8928571343421936,0.9642857313156128,0.8928571343421936,0.8928571343421936,0.8928570747375488,0.3747929632663727,0.8571428656578064,0.9387755393981934,0.8571428656578064,0.8571428656578064,0.8571428060531616
107,0.2891574800014496,0.8928571343421936,0.9642857313156128,0.8928571343421936,0.8928571343421936,0.8928570747375488,0.3744085431098938,0.8571428656578064,0.9438775181770325,0.8571428656578064,0.8571428656578064,0.8571428060531616
108,0.28842929005622864,0.8928571343421936,0.9642857313156128,0.8928571343421936,0.8928571343421936,0.8928570747375488,0.3740292191505432,0.8571428656578064,0.9438775777816772,0.8571428656578064,0.8571428656578064,0.8571428060531616
109,0.2877062261104584,0.8928571343421936,0.9655612111091614,0.8928571343421936,0.8928571343421936,0.8928570747375488,0.37365514039993286,0.8571428656578064,0.9438775777816772,0.8571428656578064,0.8571428656578064,0.8571428060531616
110,0.286988228559494,0.8928571343421936,0.9655612111091614,0.8928571343421936,0.8928571343421936,0.8928570747375488,0.37328603863716125,0.8571428656578064,0.9489796161651611,0.8571428656578064,0.8571428656578064,0.8571428060531616
111,0.28627514839172363,0.8928571343421936,0.9655612111091614,0.8928571343421936,0.8928571343421936,0.8928570747375488,0.37292203307151794,0.8571428656578064,0.9489796161651611,0.8571428656578064,0.8571428656578064,0.8571428060531616
112,0.2855669856071472,0.8928571343421936,0.9655611515045166,0.8928571343421936,0.8928571343421936,0.8928570747375488,0.37256303429603577,0.8571428656578064,0.9489796161651611,0.8571428656578064,0.8571428656578064,0.8571428060531616
113,0.28486374020576477,0.8928571343421936,0.9655612707138062,0.8928571343421936,0.8928571343421936,0.8928570747375488,0.37220892310142517,0.8571428656578064,0.9438775777816772,0.8571428656578064,0.8571428656578064,0.8571428060531616
114,0.2841653525829315,0.8928571343421936,0.9655612707138062,0.8928571343421936,0.8928571343421936,0.8928570747375488,0.37185975909233093,0.8571428656578064,0.9489796161651611,0.8571428656578064,0.8571428656578064,0.8571428060531616
115,0.2834717035293579,0.8928571343421936,0.9655612111091614,0.8928571343421936,0.8928571343421936,0.8928570747375488,0.37151527404785156,0.8571428656578064,0.9489796161651611,0.8571428656578064,0.8571428656578064,0.8571428060531616
116,0.2827828824520111,0.8928571343421936,0.9655611515045166,0.8928571343421936,0.8928571343421936,0.8928570747375488,0.37117576599121094,0.8571428656578064,0.9489796161651611,0.8571428656578064,0.8571428656578064,0.8571428060531616
117,0.2820986807346344,0.8928571343421936,0.9655612707138062,0.8928571343421936,0.8928571343421936,0.8928570747375488,0.3708408772945404,0.8571428656578064,0.9489796161651611,0.8571428656578064,0.8571428656578064,0.8571428060531616
118,0.2814190983772278,0.8928571343421936,0.9655612707138062,0.8928571343421936,0.8928571343421936,0.8928570747375488,0.37051063776016235,0.8571428656578064,0.9489796161651611,0.8571428656578064,0.8571428656578064,0.8571428060531616
119,0.2807440459728241,0.8928571343421936,0.9655612707138062,0.8928571343421936,0.8928571343421936,0.8928570747375488,0.3701850473880768,0.8571428656578064,0.9489796161651611,0.8571428656578064,0.8571428656578064,0.8571428060531616
120,0.2800736129283905,0.8928571343421936,0.9655612111091614,0.8928571343421936,0.8928571343421936,0.8928570747375488,0.3698641359806061,0.8571428656578064,0.9489796161651611,0.8571428656578064,0.8571428656578064,0.8571428060531616
121,0.27940765023231506,0.8928571343421936,0.9655612707138062,0.8928571343421936,0.8928571343421936,0.8928570747375488,0.36954769492149353,0.8571428656578064,0.9489796161651611,0.8571428656578064,0.8571428656578064,0.8571428060531616
122,0.2787460684776306,0.8928571343421936,0.96683669090271,0.8928571343421936,0.8928571343421936,0.8928570747375488,0.3692357838153839,0.8571428656578064,0.9489796161651611,0.8571428656578064,0.8571428656578064,0.8571428060531616
123,0.27808883786201477,0.8928571343421936,0.9668367505073547,0.8928571343421936,0.8928571343421936,0.8928570747375488,0.3689282536506653,0.8571428656578064,0.9489796161651611,0.8571428656578064,0.8571428656578064,0.8571428060531616
124,0.27743586897850037,0.8928571343421936,0.96683669090271,0.8928571343421936,0.8928571343421936,0.8928570747375488,0.36862531304359436,0.8571428656578064,0.9489795565605164,0.8571428656578064,0.8571428656578064,0.8571428060531616
125,0.2767871916294098,0.8928571343421936,0.96683669090271,0.8928571343421936,0.8928571343421936,0.8928570747375488,0.36832672357559204,0.8571428656578064,0.9489796161651611,0.8571428656578064,0.8571428656578064,0.8571428060531616
126,0.2761426866054535,0.8928571343421936,0.96683669090271,0.8928571343421936,0.8928571343421936,0.8928570747375488,0.36803239583969116,0.8571428656578064,0.9489796161651611,0.8571428656578064,0.8571428656578064,0.8571428060531616
127,0.2755022943019867,0.8928571343421936,0.9668367505073547,0.8928571343421936,0.8928571343421936,0.8928570747375488,0.3677424490451813,0.8571428656578064,0.9489796161651611,0.8571428656578064,0.8571428656578064,0.8571428060531616
128,0.274865984916687,0.8928571343421936,0.96683669090271,0.8928571343421936,0.8928571343421936,0.8928570747375488,0.3674567639827728,0.8571428656578064,0.9489796161651611,0.8571428656578064,0.8571428656578064,0.8571428060531616
129,0.27423375844955444,0.8928571343421936,0.96683669090271,0.8928571343421936,0.8928571343421936,0.8928570747375488,0.3671754002571106,0.8571428656578064,0.9489796161651611,0.8571428656578064,0.8571428656578064,0.8571428060531616
130,0.27360543608665466,0.8928571343421936,0.9668367505073547,0.8928571343421936,0.8928571343421936,0.8928570747375488,0.36689820885658264,0.8571428656578064,0.9489796161651611,0.8571428656578064,0.8571428656578064,0.8571428060531616
131,0.2729809582233429,0.8928571343421936,0.9668367505073547,0.8928571343421936,0.8928571343421936,0.8928570747375488,0.3666251599788666,0.8571428656578064,0.9489796161651611,0.8571428656578064,0.8571428656578064,0.8571428060531616
132,0.2723604738712311,0.8928571343421936,0.9668367505073547,0.8928571343421936,0.8928571343421936,0.8928570747375488,0.3663563132286072,0.8571428656578064,0.9489796161651611,0.8571428656578064,0.8571428656578064,0.8571428060531616
133,0.27174365520477295,0.8928571343421936,0.9668367505073547,0.8928571343421936,0.8928571343421936,0.8928570747375488,0.3660915195941925,0.8571428656578064,0.9489796161651611,0.8571428656578064,0.8571428656578064,0.8571428060531616
134,0.27113062143325806,0.8928571343421936,0.9668367505073547,0.8928571343421936,0.8928571343421936,0.8928570747375488,0.3658308684825897,0.8571428656578064,0.9489795565605164,0.8571428656578064,0.8571428656578064,0.8571428060531616
135,0.27052125334739685,0.8928571343421936,0.9681122303009033,0.8928571343421936,0.8928571343421936,0.8928570747375488,0.3655744194984436,0.8571428656578064,0.9489796161651611,0.8571428656578064,0.8571428656578064,0.8571428060531616
136,0.26991555094718933,0.8928571343421936,0.9681122303009033,0.8928571343421936,0.8928571343421936,0.8928570747375488,0.36532190442085266,0.8571428656578064,0.9489796161651611,0.8571428656578064,0.8571428656578064,0.8571428060531616
137,0.26931339502334595,0.8928571343421936,0.9681122899055481,0.8928571343421936,0.8928571343421936,0.8928570747375488,0.3650733530521393,0.8571428656578064,0.9489796161651611,0.8571428656578064,0.8571428656578064,0.8571428060531616
138,0.2687147557735443,0.8928571343421936,0.9681122899055481,0.8928571343421936,0.8928571343421936,0.8928570747375488,0.3648289144039154,0.8571428656578064,0.9489796161651611,0.8571428656578064,0.8571428656578064,0.8571428060531616
139,0.26811957359313965,0.8928571343421936,0.9681122303009033,0.8928571343421936,0.8928571343421936,0.8928570747375488,0.36458835005760193,0.8571428656578064,0.9489795565605164,0.8571428656578064,0.8571428656578064,0.8571428060531616
140,0.26752787828445435,0.8928571343421936,0.9681122303009033,0.8928571343421936,0.8928571343421936,0.8928570747375488,0.3643518090248108,0.8571428656578064,0.9489796161651611,0.8571428656578064,0.8571428656578064,0.8571428060531616
141,0.2669394910335541,0.8928571343421936,0.9681122303009033,0.8928571343421936,0.8928571343421936,0.8928570747375488,0.36411914229393005,0.8571428656578064,0.9489796161651611,0.8571428656578064,0.8571428656578064,0.8571428060531616
142,0.2663543224334717,0.8928571343421936,0.9681122899055481,0.8928571343421936,0.8928571343421936,0.8928570747375488,0.36389049887657166,0.8571428656578064,0.9489796161651611,0.8571428656578064,0.8571428656578064,0.8571428060531616
143,0.2657725512981415,0.8928571343421936,0.9681122303009033,0.8928571343421936,0.8928571343421936,0.8928570747375488,0.3636656105518341,0.8571428656578064,0.9489796161651611,0.8571428656578064,0.8571428656578064,0.8571428060531616
144,0.2651938796043396,0.8928571343421936,0.9681122303009033,0.8928571343421936,0.8928571343421936,0.8928570747375488,0.36344459652900696,0.8571428656578064,0.9489796161651611,0.8571428656578064,0.8571428656578064,0.8571428060531616
145,0.2646184265613556,0.8928571343421936,0.9681122303009033,0.8928571343421936,0.8928571343421936,0.8928570747375488,0.363227516412735,0.8571428656578064,0.9489796161651611,0.8571428656578064,0.8571428656578064,0.8571428060531616
146,0.2640460431575775,0.8928571343421936,0.9681122303009033,0.8928571343421936,0.8928571343421936,0.8928570747375488,0.3630141615867615,0.8571428656578064,0.9489796161651611,0.8571428656578064,0.8571428656578064,0.8571428060531616
147,0.26347672939300537,0.8928571343421936,0.9681122303009033,0.8928571343421936,0.8928571343421936,0.8928570747375488,0.362804651260376,0.8571428656578064,0.9489796161651611,0.8571428656578064,0.8571428656578064,0.8571428060531616
148,0.2629104554653168,0.8928571343421936,0.9681122303009033,0.8928571343421936,0.8928571343421936,0.8928570747375488,0.36259889602661133,0.8571428656578064,0.9489796161651611,0.8571428656578064,0.8571428656578064,0.8571428060531616
149,0.26234713196754456,0.8928571343421936,0.9681122303009033,0.8928571343421936,0.8928571343421936,0.8928570747375488,0.3623970150947571,0.8571428656578064,0.9489796161651611,0.8571428656578064,0.8571428656578064,0.8571428060531616
150,0.26178672909736633,0.8928571343421936,0.9681122899055481,0.8928571343421936,0.8928571343421936,0.8928570747375488,0.3621988296508789,0.8571428656578064,0.9489795565605164,0.8571428656578064,0.8571428656578064,0.8571428060531616
151,0.26122915744781494,0.8928571343421936,0.9681122899055481,0.8928571343421936,0.8928571343421936,0.8928570747375488,0.36200442910194397,0.8571428656578064,0.9489795565605164,0.8571428656578064,0.8571428656578064,0.8571428060531616
152,0.2606744170188904,0.8928571343421936,0.9681122303009033,0.8928571343421936,0.8928571343421936,0.8928570747375488,0.36181357502937317,0.8571428656578064,0.9489796161651611,0.8571428656578064,0.8571428656578064,0.8571428060531616
153,0.26012250781059265,0.8928571343421936,0.9681122303009033,0.8928571343421936,0.8928571343421936,0.8928570747375488,0.36162665486335754,0.8571428656578064,0.9489796161651611,0.8571428656578064,0.8571428656578064,0.8571428060531616
154,0.2595732808113098,0.8928571343421936,0.9681122303009033,0.8928571343421936,0.8928571343421936,0.8928570747375488,0.3614433705806732,0.8571428656578064,0.9489796161651611,0.8571428656578064,0.8571428656578064,0.8571428060531616
155,0.25902673602104187,0.8928571343421936,0.9681122303009033,0.8928571343421936,0.8928571343421936,0.8928570747375488,0.36126360297203064,0.8571428656578064,0.9489796161651611,0.8571428656578064,0.8571428656578064,0.8571428060531616
156,0.25848284363746643,0.8928571343421936,0.9681122303009033,0.8928571343421936,0.8928571343421936,0.8928570747375488,0.3610876202583313,0.8571428656578064,0.9489796161651611,0.8571428656578064,0.8571428656578064,0.8571428060531616
157,0.2579416334629059,0.8928571343421936,0.9681122303009033,0.8928571343421936,0.8928571343421936,0.8928570747375488,0.36091524362564087,0.8571428656578064,0.9489796161651611,0.8571428656578064,0.8571428656578064,0.8571428060531616
158,0.2574029266834259,0.8928571343421936,0.9681122303009033,0.8928571343421936,0.8928571343421936,0.8928570747375488,0.36074647307395935,0.8571428656578064,0.9489796161651611,0.8571428656578064,0.8571428656578064,0.8571428060531616
159,0.2568667531013489,0.8928571343421936,0.9681122303009033,0.8928571343421936,0.8928571343421936,0.8928570747375488,0.36058130860328674,0.8571428656578064,0.9489796161651611,0.8571428656578064,0.8571428656578064,0.8571428060531616
160,0.25633302330970764,0.8928571343421936,0.9681122303009033,0.8928571343421936,0.8928571343421936,0.8928570747375488,0.36041978001594543,0.8571428656578064,0.9489796161651611,0.8571428656578064,0.8571428656578064,0.8571428060531616
161,0.25580185651779175,0.8928571343421936,0.9681122899055481,0.8928571343421936,0.8928571343421936,0.8928570747375488,0.36026185750961304,0.8571428656578064,0.9489796161651611,0.8571428656578064,0.8571428656578064,0.8571428060531616
162,0.2552730441093445,0.8928571343421936,0.9681122899055481,0.8928571343421936,0.8928571343421936,0.8928570747375488,0.360107421875,0.8571428656578064,0.9489795565605164,0.8571428656578064,0.8571428656578064,0.8571428060531616
163,0.25474652647972107,0.8928571343421936,0.9681122899055481,0.8928571343421936,0.8928571343421936,0.8928570747375488,0.3599565625190735,0.8571428656578064,0.9489796161651611,0.8571428656578064,0.8571428656578064,0.8571428060531616
164,0.25422242283821106,0.8928571343421936,0.9681122303009033,0.8928571343421936,0.8928571343421936,0.8928570747375488,0.3598092496395111,0.8571428656578064,0.9489796161651611,0.8571428656578064,0.8571428656578064,0.8571428060531616
165,0.2537006139755249,0.8928571343421936,0.9681122303009033,0.8928571343421936,0.8928571343421936,0.8928570747375488,0.3596654236316681,0.8571428656578064,0.9489796161651611,0.8571428656578064,0.8571428656578064,0.8571428060531616
166,0.2531810402870178,0.8928571343421936,0.9681122303009033,0.8928571343421936,0.8928571343421936,0.8928570747375488,0.359525203704834,0.8571428656578064,0.9489796161651611,0.8571428656578064,0.8571428656578064,0.8571428060531616
167,0.252663791179657,0.8928571343421936,0.9681122303009033,0.8928571343421936,0.8928571343421936,0.8928570747375488,0.3593883514404297,0.8571428656578064,0.9489796161651611,0.8571428656578064,0.8571428656578064,0.8571428060531616
168,0.2521485984325409,0.8928571343421936,0.9681122303009033,0.8928571343421936,0.8928571343421936,0.8928570747375488,0.3592551052570343,0.8571428656578064,0.9489796161651611,0.8571428656578064,0.8571428656578064,0.8571428060531616
169,0.2516356110572815,0.8928571343421936,0.9681122303009033,0.8928571343421936,0.8928571343421936,0.8928570747375488,0.35912519693374634,0.8571428656578064,0.9489796161651611,0.8571428656578064,0.8571428656578064,0.8571428060531616
170,0.2511247992515564,0.8928571343421936,0.9681122303009033,0.8928571343421936,0.8928571343421936,0.8928570747375488,0.3589988052845001,0.8571428656578064,0.9489796161651611,0.8571428656578064,0.8571428656578064,0.8571428060531616
171,0.25061604380607605,0.8928571343421936,0.9681122303009033,0.8928571343421936,0.8928571343421936,0.8928570747375488,0.3588758409023285,0.8571428656578064,0.9489796161651611,0.8571428656578064,0.8571428656578064,0.8571428060531616
172,0.25010934472084045,0.8928571343421936,0.9681122303009033,0.8928571343421936,0.8928571343421936,0.8928570747375488,0.35875627398490906,0.8571428656578064,0.9489795565605164,0.8571428656578064,0.8571428656578064,0.8571428060531616
173,0.249604731798172,0.8928571343421936,0.9681122303009033,0.8928571343421936,0.8928571343421936,0.8928570747375488,0.3586401641368866,0.8571428656578064,0.9489796161651611,0.8571428656578064,0.8571428656578064,0.8571428060531616
174,0.24910210072994232,0.8928571343421936,0.9681122303009033,0.8928571343421936,0.8928571343421936,0.8928570747375488,0.3585274815559387,0.8571428656578064,0.9489796161651611,0.8571428656578064,0.8571428656578064,0.8571428060531616
175,0.24860148131847382,0.8928571343421936,0.9681122303009033,0.8928571343421936,0.8928571343421936,0.8928570747375488,0.3584180772304535,0.8571428656578064,0.9489796161651611,0.8571428656578064,0.8571428656578064,0.8571428060531616
176,0.2481027990579605,0.8928571343421936,0.9681122303009033,0.8928571343421936,0.8928571343421936,0.8928570747375488,0.35831212997436523,0.8571428656578064,0.9489796161651611,0.8571428656578064,0.8571428656578064,0.8571428060531616
177,0.24760594964027405,0.8928571343421936,0.9681122303009033,0.8928571343421936,0.8928571343421936,0.8928570747375488,0.3582094609737396,0.8571428656578064,0.9489795565605164,0.8571428656578064,0.8571428656578064,0.8571428060531616
178,0.2471110075712204,0.8928571343421936,0.9693877696990967,0.8928571343421936,0.8928571343421936,0.8928570747375488,0.3581101596355438,0.8571428656578064,0.9489795565605164,0.8571428656578064,0.8571428656578064,0.8571428060531616
179,0.24661795794963837,0.8928571343421936,0.9706632494926453,0.8928571343421936,0.8928571343421936,0.8928570747375488,0.3580142557621002,0.8571428656578064,0.9489796161651611,0.8571428656578064,0.8571428656578064,0.8571428060531616
180,0.24612678587436676,0.8928571343421936,0.97066330909729,0.8928571343421936,0.8928571343421936,0.8928570747375488,0.35792163014411926,0.8571428656578064,0.9489796161651611,0.8571428656578064,0.8571428656578064,0.8571428060531616
181,0.24563738703727722,0.8928571343421936,0.9719387292861938,0.8928571343421936,0.8928571343421936,0.8928570747375488,0.35783225297927856,0.8571428656578064,0.9489796161651611,0.8571428656578064,0.8571428656578064,0.8571428060531616
182,0.24514977633953094,0.8928571343421936,0.9719387888908386,0.8928571343421936,0.8928571343421936,0.8928570747375488,0.35774630308151245,0.8571428656578064,0.9489796161651611,0.8571428656578064,0.8571428656578064,0.8571428060531616
183,0.24466393887996674,0.8928571343421936,0.9719387292861938,0.8928571343421936,0.8928571343421936,0.8928570747375488,0.3576635420322418,0.8571428656578064,0.9489796161651611,0.8571428656578064,0.8571428656578064,0.8571428060531616
184,0.244179829955101,0.8928571343421936,0.9719387888908386,0.8928571343421936,0.8928571343421936,0.8928570747375488,0.3575838506221771,0.8571428656578064,0.9489796161651611,0.8571428656578064,0.8571428656578064,0.8571428060531616
185,0.24369743466377258,0.8928571343421936,0.9719387888908386,0.8928571343421936,0.8928571343421936,0.8928570747375488,0.35750770568847656,0.8571428656578064,0.9489796161651611,0.8571428656578064,0.8571428656578064,0.8571428060531616
186,0.24321675300598145,0.8928571343421936,0.9719387888908386,0.8928571343421936,0.8928571343421936,0.8928570747375488,0.35743460059165955,0.8571428656578064,0.9489796161651611,0.8571428656578064,0.8571428656578064,0.8571428060531616
187,0.24273769557476044,0.8928571343421936,0.9719387888908386,0.8928571343421936,0.8928571343421936,0.8928570747375488,0.3573648929595947,0.8571428656578064,0.9489796161651611,0.8571428656578064,0.8571428656578064,0.8571428060531616
188,0.24226032197475433,0.8928571343421936,0.9719387888908386,0.8928571343421936,0.8928571343421936,0.8928570747375488,0.357298344373703,0.8571428656578064,0.9489796161651611,0.8571428656578064,0.8571428656578064,0.8571428060531616
189,0.24178452789783478,0.8928571343421936,0.9719387292861938,0.8928571343421936,0.8928571343421936,0.8928570747375488,0.35723501443862915,0.8571428656578064,0.9489796161651611,0.8571428656578064,0.8571428656578064,0.8571428060531616
190,0.24131035804748535,0.8928571343421936,0.9719388484954834,0.8928571343421936,0.8928571343421936,0.8928570747375488,0.357174813747406,0.8571428656578064,0.9489796161651611,0.8571428656578064,0.8571428656578064,0.8571428060531616
191,0.24083779752254486,0.8928571343421936,0.9719387292861938,0.8928571343421936,0.8928571343421936,0.8928570747375488,0.3571176826953888,0.8571428656578064,0.9489796161651611,0.8571428656578064,0.8571428656578064,0.8571428060531616
192,0.24036680161952972,0.8928571343421936,0.9719387888908386,0.8928571343421936,0.8928571343421936,0.8928570747375488,0.3570639193058014,0.8571428656578064,0.9489796161651611,0.8571428656578064,0.8571428656578064,0.8571428060531616
193,0.23989734053611755,0.8928571343421936,0.9719387888908386,0.8928571343421936,0.8928571343421936,0.8928570747375488,0.35701316595077515,0.8571428656578064,0.9489795565605164,0.8571428656578064,0.8571428656578064,0.8571428060531616
194,0.23942938446998596,0.8928571343421936,0.9719387292861938,0.8928571343421936,0.8928571343421936,0.8928570747375488,0.356965571641922,0.8571428656578064,0.9489796161651611,0.8571428656578064,0.8571428656578064,0.8571428060531616
195,0.23896288871765137,0.8928571343421936,0.9719387888908386,0.8928571343421936,0.8928571343421936,0.8928570747375488,0.35692116618156433,0.8571428656578064,0.9489796161651611,0.8571428656578064,0.8571428656578064,0.8571428060531616
196,0.23849794268608093,0.8928571343421936,0.9732142686843872,0.8928571343421936,0.8928571343421936,0.8928570747375488,0.3568798005580902,0.8571428656578064,0.9489796161651611,0.8571428656578064,0.8571428656578064,0.8571428060531616
197,0.2380344122648239,0.8928571343421936,0.9732142686843872,0.8928571343421936,0.8928571343421936,0.8928570747375488,0.356841504573822,0.8571428656578064,0.9489796161651611,0.8571428656578064,0.8571428656578064,0.8571428060531616
198,0.23757238686084747,0.8928571343421936,0.9732142686843872,0.8928571343421936,0.8928571343421936,0.8928570747375488,0.35680636763572693,0.8571428656578064,0.9489796161651611,0.8571428656578064,0.8571428656578064,0.8571428060531616
199,0.23711176216602325,0.8928571343421936,0.9732142686843872,0.8928571343421936,0.8928571343421936,0.8928570747375488,0.35677433013916016,0.8571428656578064,0.9489796161651611,0.8571428656578064,0.8571428656578064,0.8571428060531616
200,0.23665253818035126,0.8928571343421936,0.9744898080825806,0.8928571343421936,0.8928571343421936,0.8928570747375488,0.35674524307250977,0.8571428656578064,0.9489796161651611,0.8571428656578064,0.8571428656578064,0.8571428060531616
201,0.23619472980499268,0.8928571343421936,0.9744898080825806,0.8928571343421936,0.8928571343421936,0.8928570747375488,0.3567192554473877,0.8571428656578064,0.9489796161651611,0.8571428656578064,0.8571428656578064,0.8571428060531616
202,0.2357383519411087,0.8928571343421936,0.9757652878761292,0.8928571343421936,0.8928571343421936,0.8928570747375488,0.35669630765914917,0.8571428656578064,0.9489796161651611,0.8571428656578064,0.8571428656578064,0.8571428060531616
203,0.2352832704782486,0.8928571343421936,0.9757652878761292,0.8928571343421936,0.8928571343421936,0.8928570747375488,0.3566763401031494,0.8571428656578064,0.9489796161651611,0.8571428656578064,0.8571428656578064,0.8571428060531616
204,0.23482955992221832,0.8928571343421936,0.976402997970581,0.8928571343421936,0.8928571343421936,0.8928570747375488,0.3566594421863556,0.8571428656578064,0.9489796161651611,0.8571428656578064,0.8571428656578064,0.8571428060531616
205,0.23437723517417908,0.8928571343421936,0.976402997970581,0.8928571343421936,0.8928571343421936,0.8928570747375488,0.3566454350948334,0.8571428656578064,0.9489796161651611,0.8571428656578064,0.8571428656578064,0.8571428060531616
206,0.2339262068271637,0.9285714030265808,0.9776785969734192,0.9285714030265808,0.9285714030265808,0.928571343421936,0.3566344380378723,0.8571428656578064,0.9438775777816772,0.8571428656578064,0.8571428656578064,0.8571428060531616
207,0.23347650468349457,0.9285714030265808,0.9789540767669678,0.9285714030265808,0.9285714030265808,0.928571343421936,0.35662657022476196,0.8571428656578064,0.9438775181770325,0.8571428656578064,0.8571428656578064,0.8571428060531616
208,0.23302802443504333,0.9285714030265808,0.9795918464660645,0.9285714030265808,0.9285714030265808,0.928571343421936,0.3566214144229889,0.8571428656578064,0.9438775777816772,0.8571428656578064,0.8571428656578064,0.8571428060531616
209,0.23258088529109955,0.9285714030265808,0.9795918464660645,0.9285714030265808,0.9285714030265808,0.928571343421936,0.35661938786506653,0.8571428656578064,0.9438775777816772,0.8571428656578064,0.8571428656578064,0.8571428060531616
210,0.23213495314121246,0.9285714030265808,0.9795918464660645,0.9285714030265808,0.9285714030265808,0.928571343421936,0.3566202223300934,0.8571428656578064,0.9438775181770325,0.8571428656578064,0.8571428656578064,0.8571428060531616
211,0.23169033229351044,0.9285714030265808,0.9795918464660645,0.9285714030265808,0.9285714030265808,0.928571343421936,0.35662394762039185,0.8571428656578064,0.9438775181770325,0.8571428656578064,0.8571428656578064,0.8571428060531616
212,0.23124699294567108,0.9285714030265808,0.9795918464660645,0.9285714030265808,0.9285714030265808,0.928571343421936,0.3566305637359619,0.8571428656578064,0.9387754797935486,0.8571428656578064,0.8571428656578064,0.8571428060531616
213,0.23080484569072723,0.9285714030265808,0.9795918464660645,0.9285714030265808,0.9285714030265808,0.928571343421936,0.35664013028144836,0.8571428656578064,0.9387754797935486,0.8571428656578064,0.8571428656578064,0.8571428060531616
214,0.2303638607263565,0.9285714030265808,0.9795918464660645,0.9285714030265808,0.9285714030265808,0.928571343421936,0.35665255784988403,0.8571428656578064,0.9387754797935486,0.8571428656578064,0.8571428656578064,0.8571428060531616
215,0.22992412745952606,0.9285714030265808,0.980867326259613,0.9285714030265808,0.9285714030265808,0.928571343421936,0.3566678464412689,0.8571428656578064,0.9387755393981934,0.8571428656578064,0.8571428656578064,0.8571428060531616
216,0.2294856458902359,0.9285714030265808,0.980867326259613,0.9285714030265808,0.9285714030265808,0.928571343421936,0.35668596625328064,0.8571428656578064,0.9387755393981934,0.8571428656578064,0.8571428656578064,0.8571428060531616
217,0.2290482372045517,0.9285714030265808,0.980867326259613,0.9285714030265808,0.9285714030265808,0.928571343421936,0.3567069172859192,0.8571428656578064,0.9387755393981934,0.8571428656578064,0.8571428656578064,0.8571428060531616
218,0.22861211001873016,0.9285714030265808,0.980867326259613,0.9285714030265808,0.9285714030265808,0.928571343421936,0.35673075914382935,0.8571428656578064,0.9387755393981934,0.8571428656578064,0.8571428656578064,0.8571428060531616
219,0.22817708551883698,0.9285714030265808,0.980867326259613,0.9285714030265808,0.9285714030265808,0.928571343421936,0.35675740242004395,0.8571428656578064,0.9387755393981934,0.8571428656578064,0.8571428656578064,0.8571428060531616
220,0.2277432233095169,0.9285714030265808,0.9821428656578064,0.9285714030265808,0.9285714030265808,0.928571343421936,0.3567867577075958,0.8571428656578064,0.9387755393981934,0.8571428656578064,0.8571428656578064,0.8571428060531616
221,0.22731049358844757,0.9285714030265808,0.9821428656578064,0.9285714030265808,0.9285714030265808,0.928571343421936,0.3568190038204193,0.8571428656578064,0.9387755393981934,0.8571428656578064,0.8571428656578064,0.8571428060531616
222,0.22687892615795135,0.9285714030265808,0.9821428060531616,0.9285714030265808,0.9285714030265808,0.928571343421936,0.3568539023399353,0.8571428656578064,0.9387755393981934,0.8571428656578064,0.8571428656578064,0.8571428060531616
223,0.2264484465122223,0.9285714030265808,0.9821428060531616,0.9285714030265808,0.9285714030265808,0.928571343421936,0.3568916320800781,0.8571428656578064,0.9387755393981934,0.8571428656578064,0.8571428656578064,0.8571428060531616
224,0.22601906955242157,0.9285714030265808,0.9821428060531616,0.9285714030265808,0.9285714030265808,0.928571343421936,0.356932133436203,0.8571428656578064,0.9387754797935486,0.8571428656578064,0.8571428656578064,0.8571428060531616
225,0.22559083998203278,0.9285714030265808,0.9821428060531616,0.9285714030265808,0.9285714030265808,0.928571343421936,0.3569752871990204,0.8571428656578064,0.9387755393981934,0.8571428656578064,0.8571428656578064,0.8571428060531616
226,0.22516369819641113,0.9285714030265808,0.9821428060531616,0.9285714030265808,0.9285714030265808,0.928571343421936,0.3570212721824646,0.8571428656578064,0.9387754797935486,0.8571428656578064,0.8571428656578064,0.8571428060531616
227,0.22473765909671783,0.9285714030265808,0.9821428656578064,0.9285714030265808,0.9285714030265808,0.928571343421936,0.3570699393749237,0.8571428656578064,0.9387755393981934,0.8571428656578064,0.8571428656578064,0.8571428060531616
228,0.2243126779794693,0.9285714030265808,0.9821428060531616,0.9285714030265808,0.9285714030265808,0.928571343421936,0.35712122917175293,0.8571428656578064,0.9387755393981934,0.8571428656578064,0.8571428656578064,0.8571428060531616
229,0.22388875484466553,0.9285714030265808,0.9821428060531616,0.9285714030265808,0.9285714030265808,0.928571343421936,0.35717520117759705,0.8571428656578064,0.9387755393981934,0.8571428656578064,0.8571428656578064,0.8571428060531616
230,0.22346587479114532,0.9285714030265808,0.9821428060531616,0.9285714030265808,0.9285714030265808,0.928571343421936,0.3572319447994232,0.8571428656578064,0.9387755393981934,0.8571428656578064,0.8571428656578064,0.8571428060531616
231,0.22304406762123108,0.9285714030265808,0.983418345451355,0.9285714030265808,0.9285714030265808,0.928571343421936,0.35729122161865234,0.8571428656578064,0.9387754797935486,0.8571428656578064,0.8571428656578064,0.8571428060531616
232,0.22262336313724518,0.9285714030265808,0.983418345451355,0.9285714030265808,0.9285714030265808,0.928571343421936,0.35735324025154114,0.8571428656578064,0.9387754797935486,0.8571428656578064,0.8571428656578064,0.8571428060531616
233,0.2222035974264145,0.9285714030265808,0.983418345451355,0.9285714030265808,0.9285714030265808,0.928571343421936,0.3574177622795105,0.8571428656578064,0.9387754797935486,0.8571428656578064,0.8571428656578064,0.8571428060531616
234,0.22178491950035095,0.9285714030265808,0.983418345451355,0.9285714030265808,0.9285714030265808,0.928571343421936,0.35748499631881714,0.8571428656578064,0.9387755393981934,0.8571428656578064,0.8571428656578064,0.8571428060531616
235,0.22136728465557098,0.9285714030265808,0.983418345451355,0.9285714030265808,0.9285714030265808,0.928571343421936,0.35755476355552673,0.8571428656578064,0.9387755393981934,0.8571428656578064,0.8571428656578064,0.8571428060531616
236,0.22095060348510742,0.9285714030265808,0.983418345451355,0.9285714030265808,0.9285714030265808,0.928571343421936,0.3576272428035736,0.8571428656578064,0.9387755393981934,0.8571428656578064,0.8571428656578064,0.8571428060531616
237,0.22053496539592743,0.9285714030265808,0.9846938848495483,0.9285714030265808,0.9285714030265808,0.928571343421936,0.35770225524902344,0.8571428656578064,0.9387755393981934,0.8571428656578064,0.8571428656578064,0.8571428060531616
238,0.2201203852891922,0.9285714030265808,0.9846938848495483,0.9285714030265808,0.9285714030265808,0.928571343421936,0.35777971148490906,0.8571428656578064,0.9387755393981934,0.8571428656578064,0.8571428656578064,0.8571428060531616
239,0.21970674395561218,0.9285714030265808,0.9846938848495483,0.9285714030265808,0.9285714030265808,0.928571343421936,0.3578597903251648,0.8571428656578064,0.9387754797935486,0.8571428656578064,0.8571428656578064,0.8571428060531616
240,0.21929407119750977,0.9285714030265808,0.9846938848495483,0.9285714030265808,0.9285714030265808,0.928571343421936,0.35794252157211304,0.8571428656578064,0.9387755393981934,0.8571428656578064,0.8571428656578064,0.8571428060531616
241,0.21888241171836853,0.9285714030265808,0.9846938848495483,0.9285714030265808,0.9285714030265808,0.928571343421936,0.3580276072025299,0.8571428656578064,0.9387755393981934,0.8571428656578064,0.8571428656578064,0.8571428060531616
242,0.21847175061702728,0.9285714030265808,0.9846938848495483,0.9285714030265808,0.9285714030265808,0.928571343421936,0.3581152558326721,0.8571428656578064,0.9387755393981934,0.8571428656578064,0.8571428656578064,0.8571428060531616
243,0.21806204319000244,0.9285714030265808,0.9846938848495483,0.9285714030265808,0.9285714030265808,0.928571343421936,0.3582054674625397,0.8571428656578064,0.9387755393981934,0.8571428656578064,0.8571428656578064,0.8571428060531616
244,0.2176533192396164,0.9285714030265808,0.9846938252449036,0.9285714030265808,0.9285714030265808,0.928571343421936,0.35829803347587585,0.8571428656578064,0.9387755393981934,0.8571428656578064,0.8571428656578064,0.8571428060531616
245,0.21724554896354675,0.9285714030265808,0.9846938848495483,0.9285714030265808,0.9285714030265808,0.928571343421936,0.3583930432796478,0.8571428656578064,0.9387755393981934,0.8571428656578064,0.8571428656578064,0.8571428060531616
246,0.21683867275714874,0.9285714030265808,0.9846938848495483,0.9285714030265808,0.9285714030265808,0.928571343421936,0.358490526676178,0.8571428656578064,0.9387755393981934,0.8571428656578064,0.8571428656578064,0.8571428060531616
247,0.21643279492855072,0.9285714030265808,0.9846938848495483,0.9285714030265808,0.9285714030265808,0.928571343421936,0.35859060287475586,0.8571428656578064,0.9387755393981934,0.8571428656578064,0.8571428656578064,0.8571428060531616
248,0.2160278707742691,0.9285714030265808,0.9859694242477417,0.9285714030265808,0.9285714030265808,0.928571343421936,0.3586929738521576,0.8571428656578064,0.9387755393981934,0.8571428656578064,0.8571428656578064,0.8571428060531616
249,0.2156238853931427,0.9285714030265808,0.9859694242477417,0.9285714030265808,0.9285714030265808,0.928571343421936,0.3587978184223175,0.8571428656578064,0.9387755393981934,0.8571428656578064,0.8571428656578064,0.8571428060531616
250,0.21522080898284912,0.9285714030265808,0.9859694242477417,0.9285714030265808,0.9285714030265808,0.928571343421936,0.3589049279689789,0.8571428656578064,0.9387754797935486,0.8571428656578064,0.8571428656578064,0.8571428060531616
251,0.21481867134571075,0.9285714030265808,0.9859693646430969,0.9285714030265808,0.9285714030265808,0.928571343421936,0.35901451110839844,0.8571428656578064,0.9387754797935486,0.8571428656578064,0.8571428656578064,0.8571428060531616
252,0.2144174873828888,0.9285714030265808,0.9859693646430969,0.9285714030265808,0.9285714030265808,0.928571343421936,0.3591265380382538,0.8571428656578064,0.9387755393981934,0.8571428656578064,0.8571428656578064,0.8571428060531616
253,0.21401715278625488,0.9285714030265808,0.9859693646430969,0.9285714030265808,0.9285714030265808,0.928571343421936,0.3592407703399658,0.8571428656578064,0.9387755393981934,0.8571428656578064,0.8571428656578064,0.8571428060531616
254,0.21361778676509857,0.9285714030265808,0.9872448444366455,0.9285714030265808,0.9285714030265808,0.928571343421936,0.3593575060367584,0.8571428656578064,0.9387755393981934,0.8571428656578064,0.8571428656578064,0.8571428060531616
255,0.21321932971477509,0.9285714030265808,0.9872449040412903,0.9285714030265808,0.9285714030265808,0.928571343421936,0.3594764769077301,0.8571428656578064,0.9387755393981934,0.8571428656578064,0.8571428656578064,0.8571428060531616
256,0.21282176673412323,0.9285714030265808,0.9872449040412903,0.9285714030265808,0.9285714030265808,0.928571343421936,0.3595978319644928,0.8571428656578064,0.9387755393981934,0.8571428656578064,0.8571428656578064,0.8571428060531616
257,0.2124251276254654,0.9285714030265808,0.9872449040412903,0.9285714030265808,0.9285714030265808,0.928571343421936,0.3597213327884674,0.8571428656578064,0.9387755393981934,0.8571428656578064,0.8571428656578064,0.8571428060531616
258,0.212029367685318,0.9285714030265808,0.9872449636459351,0.9285714030265808,0.9285714030265808,0.928571343421936,0.3598472476005554,0.8571428656578064,0.9387754797935486,0.8571428656578064,0.8571428656578064,0.8571428060531616
259,0.23258087038993835,0.9285714030265808,0.9795918464660645,0.9285714030265808,0.9285714030265808,0.928571343421936,0.35661938786506653,0.8571428656578064,0.9438775777816772,0.8571428656578064,0.8571428656578064,0.8571428060531616
