SAV_coords,0,1,2,3,4
P29033 221 K N,0.3119397,0.30161884,0.30840075,0.31299415,0.3197366
P29033 220 G V,0.32720384,0.34209755,0.37343955,0.35519442,0.360183
P29033 219 S F,0.20853624,0.25243917,0.28280953,0.36164728,0.22394621
P29033 218 C S,0.21418983,0.21225686,0.249619,0.24936306,0.24055465
P29033 216 R I,0.59466624,0.59038794,0.6317913,0.6903256,0.6207035
P29033 209 E D,0.84228367,0.84856206,0.899706,0.8725166,0.8373719
P29033 209 E G,0.8614708,0.89876926,0.93866646,0.9143455,0.9099276
P29033 207 V L,0.24009703,0.22977428,0.23389305,0.31063727,0.27366802
P29033 201 I M,0.7131227,0.6084529,0.68387747,0.6751607,0.62942195
P29033 198 V G,0.77923113,0.7639786,0.8606967,0.8560042,0.78859484
P29033 196 I M,0.72471046,0.67433786,0.72647405,0.73621607,0.68548906
P29033 196 I S,0.8013303,0.7603913,0.83942395,0.8288726,0.7905432
P29033 195 M I,0.8100099,0.77721435,0.83282316,0.812262,0.77378005
P29033 189 T N,0.81778145,0.792595,0.8332559,0.8110325,0.814191
P29033 187 E G,0.80830204,0.8159318,0.845493,0.82271916,0.84281904
P29033 180 C F,0.93611366,0.9578777,0.9390826,0.9606272,0.94223046
P29033 180 C Y,0.9376438,0.9550889,0.93454576,0.9551881,0.9420816
P29033 179 D Y,0.78705114,0.7888367,0.77294725,0.78876936,0.82186705
P29033 178 V L,0.7458263,0.70789427,0.74897623,0.71559405,0.74577713
P29033 177 T A,0.3975995,0.38077396,0.45082507,0.4309773,0.39409837
P29033 176 N S,0.69128853,0.79068,0.76883626,0.71074295,0.7246836
P29033 173 P L,0.8652949,0.855542,0.8766129,0.85782844,0.8859793
P29033 171 A V,0.23902307,0.23019414,0.27501372,0.2278395,0.25631115
P29033 169 C G,0.9519919,0.97336316,0.96507317,0.9794359,0.9602448
P29033 169 C S,0.94343966,0.9617496,0.95475966,0.9682086,0.9454817
P29033 168 K E,0.6327744,0.64565533,0.6811554,0.6446404,0.6413724
P29033 167 V G,0.59724104,0.5753388,0.74640507,0.6968721,0.6586947
P29033 167 V A,0.55682206,0.5152283,0.6773215,0.6280648,0.5872904
P29033 167 V M,0.4681543,0.41621614,0.48662284,0.49916697,0.45685467
P29033 165 R Q,0.6059497,0.5690091,0.54808676,0.5225586,0.56115776
P29033 164 Q E,0.10788942,0.11471886,0.1042646,0.17901091,0.12642121
P29033 161 F V,0.7886476,0.68996435,0.82818174,0.83473605,0.7328214
P29033 157 M I,0.07914341,0.088285044,0.06443878,0.150927,0.09266733
P29033 157 M T,0.48172376,0.39762473,0.456896,0.61667955,0.41177958
P29033 155 Y C,0.9048516,0.8950554,0.9242588,0.9075444,0.9124868
P29033 155 Y S,0.9112944,0.8836889,0.92897964,0.91922134,0.8970083
P29033 151 M I,0.4719891,0.40747678,0.48675644,0.60525864,0.44207746
P29033 151 M T,0.68974566,0.5881054,0.73771983,0.77474326,0.63400894
P29033 151 M L,0.24989529,0.2442044,0.27071118,0.42298174,0.29185683
P29033 150 F Y,0.8789169,0.8263774,0.86548495,0.84367514,0.84275144
P29033 150 F I,0.88267297,0.86026746,0.90755814,0.86614025,0.8791319
P29033 149 A S,0.2211031,0.19820203,0.20270176,0.3681566,0.24103352
P29033 149 A T,0.30073678,0.262631,0.26909372,0.42233834,0.3030004
P29033 142 F S,0.840259,0.7933429,0.8648745,0.86173576,0.84032506
P29033 138 S G,0.29266033,0.31838483,0.37519678,0.4525487,0.40323278
P29033 129 E K,0.31088707,0.30689818,0.30000567,0.29236695,0.3480342
P29033 126 V I,0.12409252,0.109923884,0.10408271,0.13689037,0.15619765
P29033 125 K Q,0.5583217,0.4871289,0.46888834,0.47699583,0.50652623
P29033 121 I T,0.34347475,0.3257891,0.35367358,0.36204252,0.39261696
P29033 118 I T,0.30346042,0.26810744,0.23740673,0.29884627,0.27047348
P29033 117 D V,0.4226908,0.4376246,0.4392367,0.4632277,0.43323627
P29033 117 D G,0.22588022,0.20134154,0.21405362,0.17239933,0.23067665
P29033 106 F S,0.2607346,0.29207283,0.2603262,0.24080099,0.31493622
P29033 104 R S,0.621481,0.53772116,0.5514354,0.5989418,0.5066584
P29033 103 K R,0.64361316,0.5571184,0.54800373,0.6532202,0.50976944
P29033 102 K N,0.36754557,0.30280682,0.27345923,0.25225285,0.3161912
P29033 98 R G,0.6421913,0.58899194,0.7039781,0.6730181,0.6097714
P29033 96 A G,0.68473536,0.60464793,0.7211257,0.68275523,0.6669202
P29033 95 V A,0.8236225,0.7515347,0.86959285,0.8474768,0.7812627
P29033 94 H Q,0.80673796,0.7713366,0.8492072,0.82967705,0.76663005
P29033 94 H L,0.7450897,0.7457674,0.823856,0.8187428,0.75236285
P29033 94 H Y,0.6651899,0.64254564,0.708224,0.7782192,0.5770232
P29033 89 L F,0.85945064,0.8111018,0.86711395,0.8624666,0.81664175
P29033 87 P L,0.91048473,0.89184934,0.9222411,0.90134704,0.8987971
P29033 79 L R,0.9242787,0.90119416,0.93367016,0.9196417,0.9142678
P29033 78 A V,0.6577869,0.6285867,0.6714693,0.6959852,0.6215889
P29033 76 L V,0.6889437,0.6673584,0.7464952,0.757611,0.696674
P29033 72 S F,0.8694314,0.84556645,0.8709397,0.84590346,0.88924056
P29033 69 F L,0.81032956,0.77345127,0.8433432,0.8251173,0.80027735
P29033 68 Y C,0.6806132,0.7056237,0.78328806,0.7878233,0.7744862
P29033 62 N S,0.24370985,0.21184844,0.22084919,0.27179676,0.25464514
P29033 60 C R,0.9556296,0.9702327,0.9600761,0.96638906,0.9671459
P29033 43 V A,0.8074007,0.7860513,0.8613128,0.8431141,0.7980389
P29033 40 A T,0.75586134,0.67672896,0.7974617,0.80115783,0.7231579
P29033 25 L F,0.8454853,0.764451,0.8312424,0.8255842,0.776352
P29033 24 W C,0.9243464,0.93016,0.9541973,0.9216921,0.9429392
P29033 23 I M,0.8067427,0.7222371,0.8037522,0.7767461,0.7421047
P29033 19 S I,0.6728388,0.62096804,0.71478856,0.7147824,0.667264
P29033 18 T S,0.82667875,0.81002045,0.88053995,0.8382732,0.8274248
P29033 17 S C,0.8734083,0.8603473,0.889539,0.84821296,0.87496
P29033 16 H P,0.87769073,0.8442547,0.90089273,0.8968529,0.8625451
P29033 13 V G,0.90513426,0.88471955,0.93704575,0.9304063,0.90185404
P29033 5 T M,0.5831907,0.6566462,0.6575069,0.7315032,0.6417037
