SAV_coords,0,1,2,3,4,5,6,7,8,9,10,11,12,13,14
P29033 221 K N,0.05937027,0.11995614,0.25640216,0.07933888,0.046313882,0.2656606,0.051798794,0.035639483,0.26902044,0.056179065,0.06569629,0.26039982,0.059892118,0.042441737,0.16639054
P29033 220 G V,0.06662285,0.08731048,0.2784752,0.106661804,0.04518294,0.313338,0.086454906,0.050706446,0.3431031,0.07297966,0.09166342,0.31242892,0.0856061,0.045068882,0.22517553
P29033 219 S F,0.01359205,0.010970406,0.15737583,0.032901805,0.004642811,0.21448258,0.025630716,0.003542941,0.24314716,0.030750183,0.021599457,0.29826555,0.021121223,0.002415073,0.09583557
P29033 218 C S,0.023689577,0.022770593,0.15306811,0.03765908,0.009237432,0.17539105,0.032838773,0.013191818,0.20872226,0.025219793,0.0117364945,0.19299181,0.03741399,0.011248581,0.1059772
P29033 216 R I,0.43366757,0.5245292,0.5719144,0.47620085,0.41320816,0.5791178,0.46934435,0.36865887,0.61766696,0.53785604,0.5618412,0.66748273,0.5043819,0.519367,0.585384
P29033 209 E D,0.90329576,0.22919033,0.8287571,0.9302167,0.15595892,0.8437753,0.9536212,0.10680203,0.8920039,0.92941976,0.15509501,0.8616856,0.93013537,0.1125617,0.8356759
P29033 209 E G,0.93294877,0.8295765,0.8584574,0.96475285,0.95818204,0.90043527,0.9814362,0.9695814,0.93716335,0.9700665,0.97603816,0.9114462,0.97472113,0.98056155,0.93136233
P29033 207 V L,0.041965105,0.054804716,0.18492988,0.060115635,0.03216324,0.19714518,0.040827565,0.017501144,0.20010069,0.05790776,0.0476776,0.25639704,0.06982312,0.032081347,0.15214658
P29033 201 I M,0.69662684,0.76558596,0.68367195,0.56303525,0.720368,0.5871455,0.62868565,0.7312499,0.6594841,0.5906637,0.65716535,0.64162844,0.5898905,0.74203134,0.56586295
P29033 198 V G,0.8317211,0.78127503,0.7693525,0.83484006,0.7512035,0.7624186,0.90812624,0.8413592,0.85804945,0.8971182,0.8257731,0.84910494,0.8389148,0.77623343,0.8091937
P29033 196 I M,0.73171276,0.6932025,0.7006674,0.6921886,0.5997776,0.66116583,0.730351,0.6786512,0.71064615,0.7124596,0.5660724,0.7094273,0.68059075,0.61144346,0.6485789
P29033 196 I S,0.8356584,0.8078238,0.7905635,0.80785424,0.72454804,0.7566256,0.8715655,0.7685106,0.834431,0.8556821,0.7401442,0.8168717,0.8179941,0.75758475,0.7992491
P29033 195 M I,0.9160103,0.90398526,0.8031449,0.902596,0.93623203,0.77501863,0.93070245,0.937722,0.82658225,0.9114732,0.9060046,0.8012341,0.9043775,0.9282339,0.79077244
P29033 189 T N,0.9255051,0.9140549,0.8139206,0.90913284,0.92877567,0.792799,0.9329597,0.91312516,0.82923424,0.91007274,0.8761591,0.8001952,0.9202578,0.9312886,0.83619976
P29033 187 E G,0.9590752,0.9884786,0.81604594,0.95785034,0.99828833,0.82563657,0.9695979,0.99716467,0.8461976,0.95904464,0.9966325,0.8184208,0.96728253,0.9987643,0.89447737
P29033 180 C F,0.98784757,0.99504304,0.94037735,0.9937232,0.9998148,0.9609419,0.98706657,0.99867105,0.9398966,0.99444604,0.9997688,0.96024346,0.9905577,0.99970067,0.96495694
P29033 180 C Y,0.9880337,0.9945431,0.9418645,0.99334246,0.9997532,0.95855737,0.9861878,0.9981306,0.93567115,0.9933548,0.9996295,0.95498323,0.99074847,0.999653,0.9655883
P29033 179 D Y,0.9091127,0.97353405,0.79169315,0.8976271,0.9908416,0.79538625,0.88770145,0.981649,0.7738494,0.9122496,0.9912723,0.78394777,0.9233512,0.99489945,0.8628466
P29033 178 V L,0.93007225,0.95487875,0.73832345,0.92564267,0.9853715,0.7087096,0.94495517,0.9828692,0.74164414,0.9126865,0.95934397,0.6961142,0.92949283,0.987222,0.78681827
P29033 177 T A,0.3863194,0.68660975,0.35594383,0.39585346,0.85043085,0.35367897,0.51324725,0.87927574,0.42299205,0.43264905,0.8459454,0.38831592,0.3459068,0.822257,0.30830583
P29033 176 N S,0.8355344,0.93940336,0.6547519,0.89763266,0.9873403,0.77823955,0.8907316,0.9803751,0.7455977,0.8335181,0.985545,0.6535547,0.82830334,0.9814006,0.6891069
P29033 173 P L,0.97127026,0.98793447,0.8718392,0.9654877,0.99636805,0.8630677,0.97182345,0.99430686,0.87835073,0.9626502,0.9935753,0.856349,0.9752832,0.99799037,0.9229773
P29033 171 A V,0.0777732,0.049926683,0.19351959,0.088082686,0.01172592,0.19923027,0.09855113,0.017494224,0.24236158,0.056029487,0.025329389,0.18039125,0.08859225,0.016326759,0.14634632
P29033 169 C G,0.9938298,0.9971,0.955834,0.9971908,0.99990463,0.9753643,0.99420977,0.998938,0.96513665,0.99767643,0.9998789,0.9788849,0.995433,0.99979824,0.9777835
P29033 169 C S,0.9907945,0.99456906,0.94697964,0.99507976,0.99970156,0.96418995,0.9915119,0.9976914,0.9544641,0.99559206,0.99958116,0.96752083,0.9921217,0.9994295,0.966743
P29033 168 K E,0.6414679,0.6838215,0.580515,0.6640254,0.7232695,0.611622,0.7026895,0.7837125,0.645305,0.56053716,0.5962297,0.5773232,0.6005896,0.75263315,0.52515435
P29033 167 V G,0.73205066,0.7256202,0.5724858,0.7518825,0.6797022,0.56619436,0.87356484,0.8443495,0.7387146,0.80195653,0.7091872,0.6719818,0.762636,0.7716548,0.66041005
P29033 167 V A,0.70058334,0.6696401,0.5202128,0.7090246,0.64715147,0.4951102,0.8414416,0.83537763,0.66011596,0.74755687,0.66657186,0.592146,0.7116829,0.7424339,0.5474901
P29033 167 V M,0.47015938,0.3650284,0.41999176,0.45919904,0.2160422,0.3867416,0.5484197,0.36966187,0.4575231,0.4797744,0.29214144,0.4510989,0.43339697,0.31479234,0.3570158
P29033 165 R Q,0.65113634,0.89475524,0.56654775,0.6358954,0.9530003,0.54380345,0.60998744,0.93903667,0.5150871,0.5053889,0.93100727,0.46930707,0.5888229,0.95216924,0.49251118
P29033 164 Q E,0.023541633,0.021232525,0.077457204,0.036046438,0.023324717,0.09254917,0.028074957,0.017014306,0.08783374,0.043265045,0.027054163,0.13968529,0.0294884,0.015812492,0.053367462
P29033 161 F V,0.8893463,0.94804883,0.7719001,0.8350287,0.9616236,0.6792304,0.9209672,0.9629365,0.8181992,0.9167998,0.97035146,0.8208676,0.8487809,0.9688007,0.73489916
P29033 157 M I,0.011896381,0.013971481,0.057624172,0.02160587,0.0087542925,0.073629215,0.011403014,0.0039681457,0.0545728,0.027944857,0.026583519,0.11871288,0.01772063,0.004888332,0.04307261
P29033 157 M T,0.295084,0.58355224,0.41227373,0.266862,0.5271452,0.36213684,0.32774284,0.57077676,0.41534477,0.48672837,0.620134,0.5704621,0.21369676,0.51621556,0.27409843
P29033 155 Y C,0.9703485,0.98438674,0.9068989,0.9665353,0.9950677,0.8990338,0.9761861,0.9908975,0.9240265,0.96747386,0.99222094,0.90501434,0.97834545,0.9978549,0.94016457
P29033 155 Y S,0.97158223,0.98365766,0.9123729,0.9593505,0.9919945,0.8871858,0.9763283,0.98799056,0.92866105,0.9717084,0.9917842,0.916831,0.9679827,0.99466383,0.9259148
P29033 151 M I,0.2739606,0.22343196,0.4001386,0.30301997,0.13718913,0.37371242,0.37265658,0.22512692,0.44614786,0.47477454,0.26008976,0.55421925,0.29877457,0.14658776,0.31762597
P29033 151 M T,0.6839098,0.69394714,0.64393646,0.62865114,0.6058906,0.5650116,0.8039783,0.750365,0.7155625,0.8037187,0.69114536,0.74881923,0.62508845,0.64799005,0.5690003
P29033 151 M L,0.07167484,0.04303329,0.18762285,0.120228015,0.02825678,0.21040246,0.115308665,0.04075316,0.23123837,0.1842739,0.058955688,0.351869,0.12606812,0.030632757,0.16800445
P29033 150 F Y,0.9584341,0.95073664,0.87533385,0.937087,0.9605089,0.8241678,0.955802,0.9113997,0.8561064,0.9427241,0.9440605,0.8340343,0.9508357,0.9543448,0.85717934
P29033 150 F I,0.96630657,0.9724736,0.88280356,0.9595091,0.9895822,0.86364526,0.97740835,0.9907175,0.9062442,0.95834726,0.9868007,0.862556,0.97216225,0.9937437,0.90903395
P29033 149 A S,0.07014063,0.17563953,0.17279261,0.08407324,0.23308931,0.17229055,0.079762325,0.28735256,0.17614782,0.17562048,0.39493102,0.3219329,0.09072089,0.23243754,0.13862108
P29033 149 A T,0.109556735,0.27339438,0.24799366,0.121349365,0.25763583,0.23602496,0.11540969,0.2828616,0.24201256,0.23083907,0.45260978,0.38262364,0.1260077,0.28910407,0.19380003
P29033 142 F S,0.9066926,0.9331889,0.8316987,0.8841347,0.95205855,0.79126346,0.9301107,0.9407225,0.8600415,0.9230962,0.9526158,0.8541527,0.91745156,0.9694672,0.86410636
P29033 138 S G,0.08571541,0.032632753,0.24210727,0.12634681,0.011358746,0.28713128,0.1347035,0.012747013,0.3417419,0.16894819,0.034603193,0.40611145,0.1637601,0.015940577,0.25984263
P29033 129 E K,0.04969353,0.044121932,0.24470073,0.0768851,0.019094676,0.26700246,0.05292579,0.01941624,0.26133806,0.037377954,0.017387638,0.23189016,0.0789685,0.02251059,0.19135624
P29033 126 V I,0.011350756,0.008856027,0.08751829,0.018733187,0.0029241517,0.08892412,0.011211475,0.0030161536,0.084823206,0.011991861,0.005763601,0.10068646,0.023854883,0.0037106767,0.068547495
P29033 125 K Q,0.24099436,0.49965262,0.5085773,0.2144557,0.30740392,0.44965807,0.1202433,0.19469091,0.42477015,0.12926054,0.2778833,0.41606203,0.21042745,0.47069603,0.3661258
P29033 121 I T,0.05520915,0.05237527,0.27597353,0.06577575,0.015345667,0.2809795,0.06700936,0.027157182,0.31569916,0.050286002,0.03311543,0.30057684,0.07833453,0.026808068,0.21229339
P29033 118 I T,0.04453229,0.027925286,0.23613183,0.04965998,0.0060153995,0.22508375,0.033495918,0.0066792467,0.20275241,0.036274668,0.014799981,0.24230376,0.042056195,0.0061447285,0.12459178
P29033 117 D V,0.16856204,0.22806925,0.3912006,0.16843851,0.095457055,0.4093517,0.12810463,0.06686218,0.4110516,0.13279966,0.13707827,0.41496798,0.15532258,0.11076379,0.31987324
P29033 117 D G,0.039270893,0.045620445,0.18305163,0.043152597,0.011948218,0.17190811,0.030947955,0.009648404,0.18461268,0.021542579,0.0131167155,0.13557985,0.04477981,0.018177798,0.12100599
P29033 106 F S,0.051141977,0.044464443,0.2011336,0.07519205,0.015120813,0.24941471,0.06019705,0.026508268,0.2269438,0.036330618,0.021233216,0.19029166,0.069927,0.021889493,0.15982926
P29033 104 R S,0.3970471,0.59377414,0.5703772,0.35665572,0.27581376,0.50162035,0.30207083,0.24918923,0.51387084,0.28315443,0.33826366,0.5368205,0.2656815,0.33279714,0.37730235
P29033 103 K R,0.2184895,0.051501628,0.5752325,0.2166329,0.0068657156,0.5057498,0.14740786,0.006194452,0.49974018,0.17429729,0.00780092,0.5851585,0.12810461,0.004895024,0.28656936
P29033 102 K N,0.10110448,0.19606885,0.30793825,0.09732044,0.063859135,0.26687324,0.063041665,0.058985095,0.24066553,0.042054366,0.045853652,0.20463707,0.08521945,0.080564626,0.18397667
P29033 98 R G,0.5104846,0.48304808,0.6072672,0.51113915,0.22285244,0.5681233,0.6415921,0.49666843,0.6872473,0.43051878,0.1870301,0.62497145,0.49059254,0.3134503,0.54664415
P29033 96 A G,0.5961907,0.64534825,0.6528616,0.5199882,0.53011,0.5843863,0.6414008,0.6868424,0.70155466,0.44410142,0.39382786,0.6371478,0.60843253,0.6494692,0.62993985
P29033 95 V A,0.8660579,0.8319897,0.8125117,0.8219707,0.8075986,0.74410385,0.91125774,0.90860957,0.8623548,0.85122865,0.6655091,0.8313218,0.8471122,0.8522743,0.7899952
P29033 94 H Q,0.849466,0.7540828,0.79764384,0.83628774,0.42818943,0.76501685,0.90033174,0.48681697,0.84242064,0.8557924,0.35134274,0.81646156,0.8408774,0.45080537,0.7653538
P29033 94 H L,0.7734299,0.7757806,0.7364683,0.80176723,0.69803244,0.74188155,0.8824457,0.77162486,0.81911874,0.8721894,0.8246778,0.8096645,0.8291601,0.75671303,0.7609461
P29033 94 H Y,0.18819061,0.033637464,0.5985508,0.3489251,0.0057074036,0.6018421,0.3105226,0.0017033647,0.6667546,0.27402437,0.0025751195,0.72092605,0.2642436,0.003629982,0.4006623
P29033 89 L F,0.93102896,0.9451485,0.8563912,0.89473104,0.9451901,0.8088782,0.93207633,0.9414952,0.8621404,0.9242958,0.9405252,0.85292363,0.90403545,0.94503236,0.8256752
P29033 87 P L,0.9736693,0.9860874,0.9147096,0.9653975,0.9939709,0.8969811,0.97737545,0.9930328,0.9232557,0.9670109,0.98987585,0.90093464,0.97358555,0.9958548,0.93020344
P29033 79 L R,0.9803325,0.9863056,0.92653817,0.9678409,0.9916958,0.90454936,0.9811514,0.9884489,0.9336882,0.9732953,0.98739165,0.9166142,0.97350353,0.99131024,0.935919
P29033 78 A V,0.7533593,0.8331855,0.63538295,0.73248017,0.88403946,0.62133044,0.79019713,0.85643965,0.65962905,0.80123526,0.9028482,0.67518824,0.7078516,0.8624586,0.6080776
P29033 76 L V,0.862858,0.84889585,0.66341245,0.86828303,0.94162494,0.6601303,0.9128026,0.9388687,0.73475784,0.89229065,0.9239126,0.7425194,0.87949145,0.93544775,0.7075179
P29033 72 S F,0.9631075,0.9801302,0.87539405,0.94781125,0.98866665,0.8529179,0.96234924,0.9881109,0.87339026,0.9487652,0.9854236,0.84669286,0.9722797,0.9954888,0.9219281
P29033 69 F L,0.9450923,0.9601854,0.8050705,0.9320711,0.9802664,0.7751053,0.95765895,0.9782155,0.8393021,0.94300145,0.9783999,0.8170709,0.94194734,0.9836923,0.8365995
P29033 68 Y C,0.8293372,0.82034415,0.66646487,0.86199266,0.8662223,0.7057279,0.9062881,0.9046027,0.7778388,0.89492995,0.9239451,0.7769665,0.89925784,0.92953366,0.8053114
P29033 62 N S,0.33848053,0.77021223,0.20616134,0.3680372,0.95778954,0.19395123,0.46217242,0.949627,0.2022264,0.47177613,0.92674774,0.236869,0.33071637,0.94523746,0.19662099
P29033 60 C R,0.9947373,0.9968959,0.95950425,0.99699545,0.9998305,0.9731531,0.9950895,0.99884796,0.9610673,0.9962425,0.99966514,0.9661887,0.9968256,0.99979633,0.9836379
P29033 43 V A,0.9230136,0.9249816,0.80373865,0.9106836,0.9578387,0.78718436,0.9451767,0.94999695,0.8590303,0.9298679,0.9521314,0.8362948,0.91331476,0.95437175,0.82805836
P29033 40 A T,0.86166936,0.8043207,0.73791534,0.81271076,0.7416742,0.6662986,0.9013384,0.8457599,0.78732985,0.8896272,0.8352418,0.7848431,0.8422544,0.79739326,0.72186446
P29033 25 L F,0.92140466,0.9206909,0.8406572,0.8565626,0.8755398,0.7604964,0.9066965,0.876491,0.82424814,0.8973296,0.839818,0.8149395,0.87130165,0.8572421,0.77836156
P29033 24 W C,0.9851466,0.9911628,0.927921,0.98804575,0.9982533,0.9341604,0.9917814,0.9979323,0.9544734,0.98223096,0.9962799,0.92034787,0.99273807,0.99910563,0.966047
P29033 23 I M,0.878222,0.9226238,0.79509926,0.8049535,0.9455408,0.7145859,0.8721727,0.94177747,0.79255354,0.82972485,0.9098895,0.75872993,0.82627577,0.9515222,0.7393363
P29033 19 S I,0.5667988,0.73602355,0.6467754,0.5328688,0.677915,0.60964864,0.6262894,0.761626,0.701184,0.57884324,0.7968435,0.6886198,0.5822379,0.7687577,0.6345403
P29033 18 T S,0.90936947,0.6960478,0.8151171,0.91356444,0.71811396,0.8060134,0.95251745,0.7475425,0.8735006,0.9172192,0.7228146,0.82754534,0.930984,0.78265905,0.8404579
P29033 17 S C,0.9476136,0.96337104,0.8757385,0.9460601,0.98631346,0.8652246,0.9572332,0.9782875,0.88936424,0.9319404,0.96738005,0.84500986,0.9605885,0.99284744,0.90823996
P29033 16 H P,0.93620235,0.9668882,0.87769145,0.92202175,0.9788978,0.8469249,0.950729,0.9801829,0.8996269,0.94767,0.98199606,0.89317447,0.93881273,0.98600614,0.8919967
P29033 13 V G,0.95587116,0.95373386,0.9064026,0.94632244,0.9627156,0.88816655,0.9721157,0.9673102,0.9371281,0.96729636,0.9743625,0.9289745,0.9582878,0.9743124,0.9283267
P29033 5 T M,0.3379377,0.20478311,0.5411387,0.46424043,0.11232374,0.6337848,0.38253057,0.041925896,0.6303286,0.46092197,0.17649741,0.69502497,0.3978817,0.060339514,0.527681
